0.000000,-83.275519,-82.919154
0.006013,-83.165868,-82.124186
0.008994,-83.220693,-82.507963
0.011992,-83.193280,-81.795233
0.014988,-83.193280,-81.603345
0.017990,-83.138455,-81.575932
0.020989,-83.220693,-81.384043
0.023985,-83.248106,-82.727265
0.026986,-83.220693,-83.330344
0.029982,-83.220693,-84.454264
0.033979,-83.138455,-84.015661
0.036974,-83.165868,-85.276645
0.038977,-83.193280,-84.317201
0.041975,-83.220693,-85.139581
0.044970,-83.193280,-85.112169
0.047972,-83.248106,-84.618740
0.050969,-83.193280,-85.495946
0.053969,-83.193280,-84.289788
0.056966,-83.220693,-84.344613
0.059964,-83.220693,-84.591328
0.062962,-83.193280,-83.906010
0.065961,-83.220693,-84.920280
0.068955,-83.193280,-83.302931
0.071958,-83.193280,-83.741534
0.074955,-83.220693,-84.372026
0.077955,83.393579,-85.221819
0.080949,83.283928,-43.801255
0.083949,83.283928,-29.491837
0.086945,83.256515,-14.716404
0.089943,83.338754,6.117230
0.091943,83.366166,13.655716
0.094944,83.311341,23.551692
0.097941,83.311341,35.393969
0.100939,83.311341,37.998174
0.103939,83.311341,46.687994
0.106936,83.311341,49.867865
0.109933,83.283928,55.322988
0.112934,83.366166,60.312097
0.115928,83.311341,60.010557
0.118926,83.311341,66.808903
0.121926,83.338754,67.466807
0.124926,83.283928,67.631283
0.127925,83.338754,70.975631
0.130922,83.311341,68.179537
0.133920,83.311341,71.606123
0.136914,83.311341,71.578710
0.139923,83.311341,72.867107
0.142913,83.311341,76.238867
0.145911,83.366166,74.457042
0.148911,83.311341,77.582089
0.151905,83.338754,79.665453
0.154904,83.311341,78.952723
0.156905,83.283928,81.200564
0.159903,83.311341,81.968119
0.162900,83.283928,82.077770
0.165900,83.311341,83.366166
0.168897,83.283928,83.859595
0.171896,83.366166,82.927563
0.174894,83.366166,84.572325
0.177892,83.338754,82.817912
0.180894,83.256515,84.024071
0.183889,83.338754,84.572325
0.186885,83.311341,84.462674
0.189888,83.283928,85.010928
0.192889,83.311341,86.326737
0.195889,83.366166,85.038340
0.198877,83.256515,84.462674
0.201874,83.283928,85.559181
0.204875,83.338754,84.133722
0.207873,83.338754,82.900150
0.210869,83.338754,83.558055
0.212871,83.283928,82.516373
0.215869,83.338754,82.954976
0.218867,83.311341,83.338754
0.221864,83.311341,83.146865
0.224864,83.311341,83.612880
0.227864,83.311341,83.612880
0.230860,83.338754,83.201690
0.233857,83.283928,83.283928
0.236856,83.311341,83.311341
0.239854,83.338754,82.708262
0.242853,83.311341,82.077770
0.245848,83.366166,82.516373
0.248846,83.311341,82.242246
0.250849,83.338754,82.160008
0.253844,83.338754,82.598611
0.256842,83.338754,82.954976
0.259842,83.311341,85.805896
0.262841,83.283928,85.860721
0.265839,83.366166,84.325610
0.268836,83.366166,83.612880
0.271837,83.311341,84.599737
0.274834,83.338754,83.612880
0.277830,83.366166,82.708262
0.280827,83.311341,83.667706
0.283828,83.338754,83.475817
0.286823,83.338754,83.229103
0.288826,83.366166,83.887007
0.292820,83.311341,84.078896
0.295825,83.311341,84.791626
0.298816,83.338754,85.093166
0.301814,83.366166,84.873864
0.303814,83.283928,85.805896
0.306828,83.338754,85.093166
0.309810,83.338754,85.065753
0.312822,83.256515,83.612880
0.315805,83.338754,84.270785
0.318806,83.366166,83.996658
0.321805,83.338754,83.475817
0.324803,83.311341,84.572325
0.327802,83.283928,84.380436
0.330797,83.311341,84.435261
0.333796,83.283928,84.572325
0.336794,83.311341,84.791626
0.339801,83.283928,84.325610
0.342798,83.311341,84.736801
0.345797,83.338754,84.243372
0.348789,83.283928,83.914420
0.351785,83.366166,85.504356
0.354784,83.311341,83.996658
0.357784,83.311341,84.243372
0.360782,83.283928,84.681975
0.363777,83.311341,83.037214
0.366775,83.311341,83.283928
0.368775,83.311341,83.229103
0.371774,83.338754,82.214833
0.375772,83.338754,82.735674
0.378770,83.283928,80.487834
0.380769,83.338754,80.679723
0.383767,83.338754,81.282802
0.386764,83.311341,80.981262
0.389762,83.338754,82.982389
0.392765,83.311341,82.242246
0.395764,83.338754,81.913294
0.398757,83.338754,83.283928
0.401765,83.338754,83.338754
0.404765,83.366166,81.858468
0.407765,83.338754,85.751070
0.410748,83.366166,82.406722
0.413764,83.311341,86.957229
0.416765,83.338754,81.310214
0.419743,83.366166,82.763087
0.422745,83.311341,84.024071
0.425742,83.311341,80.679723
0.428740,83.338754,83.859595
0.431740,83.311341,83.119452
0.434735,83.338754,81.968119
0.437737,83.283928,83.475817
0.440733,83.311341,81.365040
0.443731,83.338754,83.448404
0.446731,83.311341,81.968119
0.449724,83.338754,81.090913
0.452722,83.338754,83.229103
0.455721,83.283928,83.859595
0.458721,83.311341,82.900150
0.461718,83.338754,83.804769
0.464716,83.366166,83.667706
0.466721,83.311341,83.558055
0.469714,83.256515,82.735674
0.472715,83.311341,83.832182
0.475712,83.338754,84.846451
0.478710,83.311341,83.530642
0.481706,83.283928,85.860721
0.484706,83.311341,85.230229
0.487706,83.311341,82.817912
0.490703,83.283928,84.983515
0.493707,83.311341,82.872738
0.496702,83.366166,83.256515
0.499694,83.338754,84.188547
0.502692,83.338754,82.214833
0.504693,83.366166,83.311341
0.507709,83.283928,82.845325
0.510707,83.338754,82.461547
0.513704,83.311341,84.627150
0.516685,83.229103,83.229103
0.519682,83.311341,82.982389
0.522701,83.338754,84.215960
0.525681,83.311341,83.037214
0.528681,83.283928,83.119452
0.531678,83.338754,83.640293
0.534677,83.311341,83.201690
0.537671,83.283928,84.243372
0.540669,83.283928,83.503230
0.543670,83.338754,83.201690
0.546670,83.311341,83.009801
0.549667,83.283928,83.804769
0.552662,83.338754,83.612880
0.554664,83.283928,83.009801
0.557662,83.311341,84.188547
0.560660,83.283928,81.721405
0.563657,83.311341,82.406722
0.566657,83.338754,82.653436
0.569653,83.283928,82.160008
0.572653,83.283928,83.037214
0.575651,-83.412582,82.434135
0.578650,-83.302931,49.977515
0.581647,-83.248106,34.215224
0.584645,-83.248106,15.958381
0.587644,-83.248106,1.511900
0.590642,-83.220693,-10.165900
0.593637,-83.248106,-23.707762
0.596636,-83.220693,-31.904153
0.598634,-83.220693,-39.607115
0.601641,-83.165868,-45.583079
0.604640,-83.248106,-49.420855
0.607640,-83.248106,-53.806883
0.610627,-83.165868,-57.946198
0.613640,-83.248106,-61.372783
0.616641,-83.165868,-65.155734
0.619622,-83.193280,-68.308192
0.622640,-83.220693,-70.693096
0.625640,-83.220693,-73.050587
0.628619,-83.220693,-75.243601
0.631617,-83.193280,-76.285283
0.633616,-83.193280,-77.820394
0.636612,-83.193280,-79.081377
0.639613,-83.193280,-80.342361
0.642610,-83.220693,-80.972853
0.645610,-83.193280,-81.740408
0.648607,-83.220693,-81.959710
0.651606,-83.165868,-82.645027
0.654604,-83.220693,-82.754677
0.657601,-83.275519,-83.056217
0.660602,-83.220693,-83.467407
0.663599,-83.193280,-83.467407
0.666596,-83.193280,-83.933423
0.669591,-83.193280,-83.823772
0.672589,-83.193280,-83.768947
0.674591,-83.193280,-83.933423
0.677591,-83.275519,-83.960836
0.680585,-83.220693,-83.851185
0.683586,-83.220693,-84.043074
0.687581,-83.193280,-83.851185
0.690581,-83.248106,-84.591328
0.693580,-83.220693,-83.960836
0.696579,-83.193280,-84.618740
0.699574,-83.193280,-84.262375
0.701573,-83.193280,-84.180137
0.704580,-83.193280,-84.646153
0.707580,-83.193280,-84.152725
0.710580,-83.193280,-84.043074
0.713564,-83.193280,-84.180137
0.716581,-83.193280,-83.494820
0.719562,-83.220693,-83.768947
0.722577,-83.193280,-83.412582
0.725558,-83.220693,-82.919154
0.728577,-83.220693,-82.453138
0.731557,-83.248106,-82.727265
0.734554,-83.193280,-82.699852
0.737550,-83.220693,-83.494820
0.739552,-83.193280,-83.439995
0.742550,-83.248106,-83.220693
0.745549,-83.193280,-83.275519
0.748544,-83.220693,-83.385169
0.751544,-83.193280,-83.165868
0.754543,-83.220693,-83.659296
0.757541,-83.193280,-83.220693
0.760540,-83.275519,-83.577058
0.763537,-83.220693,-83.357757
0.766535,-83.220693,-83.165868
0.769538,-83.220693,-83.522233
0.772532,-83.193280,-83.302931
0.775528,-83.193280,-83.165868
0.777529,-83.193280,-83.302931
0.781524,-83.193280,-82.809503
0.784522,-83.193280,-83.028804
0.787521,-83.165868,-82.754677
0.790520,-83.193280,-82.645027
0.793516,-83.220693,-82.645027
0.796515,-83.220693,-82.617614
0.799516,-83.220693,-83.522233
0.802512,-83.138455,-83.056217
0.804516,-83.220693,-83.659296
0.808508,-83.193280,-83.248106
0.810516,-83.165868,-82.809503
0.813516,-83.248106,-82.782090
0.816516,-83.220693,-82.096773
0.819500,-83.193280,-83.330344
0.822515,-83.193280,-82.891741
0.825515,-83.220693,-83.138455
0.828515,-83.220693,-83.878598
0.831493,-83.220693,-82.782090
0.834494,-83.220693,-83.357757
0.837493,-83.220693,-82.562789
0.840491,-83.165868,-81.658170
0.843486,-83.193280,-81.795233
0.846487,-83.220693,-80.890615
0.849487,-83.248106,-81.521107
0.852484,-83.193280,-80.643901
0.855482,-83.220693,-81.082504
0.858477,-83.248106,-82.316074
0.861476,-83.165868,-82.754677
0.863479,-83.193280,-83.220693
0.866473,-83.193280,-83.577058
0.869474,-83.275519,-84.043074
0.872471,-83.193280,-84.043074
0.875472,-83.165868,-84.372026
0.878466,-83.193280,-83.906010
0.881466,-83.193280,-84.152725
0.884466,-83.193280,-83.659296
0.887462,-83.193280,-84.043074
0.890462,-83.248106,-83.714122
0.893458,-83.165868,-84.125312
0.896454,-83.275519,-83.659296
0.899452,-83.193280,-84.234963
0.901451,-83.193280,-84.234963
0.904454,-83.165868,-84.097899
0.907454,-83.248106,-84.207550
0.910448,-83.165868,-82.754677
0.913455,-83.138455,-82.590201
0.916455,-83.220693,-83.083630
0.919461,-83.248106,-83.165868
0.922458,-83.193280,-83.357757
0.925436,-83.193280,-83.138455
0.928454,-83.165868,-82.891741
0.931454,-83.220693,-83.768947
0.934431,-83.193280,-82.864328
0.937428,-83.248106,-82.809503
0.940430,-83.220693,-82.316074
0.943431,-83.275519,-82.507963
0.946428,-83.165868,-82.288662
0.949421,-83.220693,-81.932297
0.951424,-83.220693,-82.864328
0.954424,-83.220693,-81.521107
0.957420,-83.165868,-80.589075
0.960415,-83.165868,-81.850059
0.964413,-83.248106,-80.068234
0.966416,-83.220693,-81.603345
0.969411,-83.165868,-80.918027
0.973410,-83.220693,-81.329218
0.976406,-83.220693,-80.918027
0.978407,-83.220693,-80.753551
0.982402,-83.193280,-81.795233
0.984401,-83.193280,-81.329218
0.987401,-83.220693,-83.549645
0.990400,-83.165868,-83.659296
0.993398,-83.248106,-84.536502
0.996399,-83.248106,-85.057343
0.999393,-83.165868,-84.509089
1.002391,-83.165868,-85.441121
1.005388,-83.248106,-84.426851
1.008387,-83.220693,-85.687835
1.012385,-83.220693,-85.084756
1.015383,-83.220693,-84.755804
1.019379,-83.193280,-84.234963
1.022379,-83.248106,-85.112169
1.025377,-83.220693,-84.344613
1.029374,-83.220693,-83.823772
1.032372,-83.220693,-83.686709
1.035369,-83.275519,-83.631883
1.038370,-83.248106,-83.549645
1.041366,-83.220693,-82.727265
1.045364,-83.165868,-83.522233
1.048362,-83.248106,-83.988248
1.051360,-83.248106,-83.851185
1.054358,-83.220693,-84.344613
1.057357,-83.193280,-84.509089
1.060355,-83.165868,-84.536502
1.063354,-83.248106,-83.933423
1.066353,-83.138455,-83.823772
1.069350,-83.220693,-83.248106
1.072348,-83.193280,-82.727265
1.075346,-83.220693,-82.645027
1.078345,83.393579,-85.358883
1.081341,83.311341,-46.213571
1.084341,83.311341,-31.246249
1.087338,83.366166,-15.812911
1.090337,83.283928,4.636945
1.093336,83.338754,13.683129
1.096333,83.311341,22.674487
1.098335,83.338754,36.435651
1.101331,83.311341,35.640684
1.104329,83.366166,44.303090
1.107327,83.366166,49.100310
1.110325,83.338754,50.936959
1.113324,83.311341,59.243002
1.116322,83.338754,60.887763
1.119320,83.311341,63.930571
1.122317,83.366166,69.413108
1.125317,83.283928,69.879124
1.128315,83.338754,72.017313
1.131311,83.311341,75.608375
1.134309,83.311341,75.169772
1.136308,83.338754,77.664327
1.139308,83.311341,78.294819
1.142306,83.338754,77.883628
1.145304,83.311341,80.186294
1.148302,83.311341,79.884755
1.151300,83.311341,80.679723
1.154298,83.311341,82.735674
1.157297,83.283928,82.160008
1.160294,83.338754,83.530642
1.163293,83.283928,84.078896
1.166294,83.393579,85.367293
1.169289,83.311341,85.805896
1.172287,83.311341,85.476943
1.175288,83.311341,84.764213
1.178286,83.311341,84.325610
1.181284,83.283928,83.009801
1.184280,83.256515,83.146865
1.186282,83.338754,82.982389
1.190276,83.338754,84.078896
1.192277,83.311341,84.024071
1.195273,83.283928,85.010928
1.199269,83.311341,84.407848
1.201270,83.366166,84.270785
1.204268,83.311341,84.983515
1.207267,83.311341,83.420992
1.210265,83.338754,84.133722
1.213263,83.338754,83.174277
1.216261,83.283928,82.954976
1.219259,83.311341,81.913294
1.222258,83.338754,82.050357
1.225255,83.338754,82.269659
1.228253,83.338754,83.256515
1.231253,83.338754,84.106309
1.234249,83.283928,82.708262
1.237251,83.311341,83.037214
1.240245,83.256515,82.571198
1.243244,83.366166,83.256515
1.246242,83.338754,83.366166
1.249243,83.338754,81.748818
1.252237,83.338754,81.748818
1.255236,83.366166,80.295945
1.257239,83.311341,80.487834
1.260236,83.366166,81.310214
1.263235,83.338754,81.474691
1.266231,83.311341,81.803643
1.269236,83.338754,82.379309
1.272231,83.338754,82.680849
1.275227,83.311341,82.763087
1.278223,83.311341,83.146865
1.281224,83.283928,82.242246
1.284225,83.256515,81.392453
1.287220,83.338754,81.995532
1.290216,83.283928,80.487834
1.293214,83.366166,81.776230
1.296214,83.338754,79.473564
1.299214,83.311341,82.516373
1.302211,83.338754,85.860721
1.305206,83.338754,83.256515
1.308205,83.283928,86.134848
1.311203,83.311341,83.612880
1.314201,83.338754,85.065753
1.317199,83.311341,83.256515
1.320197,83.311341,83.146865
1.322204,83.311341,84.353023
1.325195,83.311341,81.227976
1.328206,83.338754,84.078896
1.331211,83.366166,83.804769
1.334194,83.311341,82.406722
1.337187,83.311341,85.312467
1.340190,83.338754,84.709388
1.343191,83.338754,84.764213
1.346182,83.338754,86.025197
1.349181,83.311341,85.175404
1.352178,83.366166,85.230229
1.355176,83.283928,84.380436
1.358173,83.283928,84.243372
1.360175,83.338754,84.078896
1.364170,83.338754,84.846451
1.367172,83.311341,83.777357
1.370167,83.366166,85.723658
1.373165,83.311341,84.791626
1.375167,83.283928,85.476943
1.378166,83.283928,84.435261
1.381163,83.311341,83.585468
1.384160,83.283928,83.420992
1.387161,83.283928,84.544912
1.390158,83.311341,82.653436
1.393156,83.366166,84.051483
1.396154,83.311341,83.804769
1.399152,83.283928,84.270785
1.402150,83.338754,84.462674
1.405149,83.311341,82.817912
1.408145,83.256515,83.092039
1.411145,83.283928,82.954976
1.414142,83.393579,81.776230
1.417141,83.311341,82.187421
1.420141,83.338754,82.132595
1.423137,83.366166,79.994405
1.425141,83.366166,80.460421
1.429132,83.283928,81.419865
1.431131,83.311341,81.858468
1.434142,83.338754,80.624897
1.437127,83.366166,82.242246
1.440142,83.366166,81.776230
1.443124,83.338754,81.803643
1.446142,83.338754,82.105182
1.449124,83.366166,84.243372
1.452120,83.338754,82.050357
1.455117,83.338754,85.997784
1.458117,83.283928,84.243372
1.461114,83.338754,83.420992
1.464110,83.338754,83.338754
1.467108,83.338754,82.297071
1.470109,83.283928,83.201690
1.473107,83.283928,81.556929
1.476106,83.311341,83.064627
1.479101,83.256515,82.653436
1.482100,83.283928,82.653436
1.484101,83.283928,82.324484
1.487097,83.338754,82.434135
1.490094,83.311341,82.516373
1.493095,83.338754,82.379309
1.496095,83.311341,83.174277
1.499093,83.311341,83.640293
1.502090,83.338754,83.146865
1.505094,83.311341,83.941833
1.508083,83.311341,83.640293
1.511082,83.311341,83.311341
1.514084,83.311341,83.612880
1.517077,83.311341,84.188547
1.520077,83.311341,83.969245
1.522076,83.256515,84.846451
1.525074,83.338754,86.326737
1.528071,83.311341,84.544912
1.531070,83.311341,84.544912
1.534068,83.311341,85.065753
1.537067,83.311341,84.380436
1.540065,83.311341,84.215960
1.543063,83.338754,82.571198
1.546062,83.338754,83.887007
1.549060,83.338754,83.393579
1.552061,83.311341,83.037214
1.555058,83.311341,84.353023
1.558056,83.256515,83.667706
1.561061,83.283928,85.120578
1.564052,83.311341,83.503230
1.567050,83.283928,83.558055
1.570047,83.311341,83.887007
1.573045,83.311341,82.708262
1.576044,-83.385169,83.667706
1.579043,-83.330344,49.456674
1.582039,-83.302931,31.062766
1.585037,-83.248106,15.437540
1.587036,-83.193280,-3.285318
1.590037,-83.302931,-10.248138
1.593039,-83.220693,-24.228603
1.596029,-83.165868,-31.958978
1.599031,-83.220693,-37.085149
1.602029,-83.248106,-45.281540
1.605034,-83.248106,-48.954839
1.608023,-83.193280,-52.765202
1.611026,-83.248106,-58.549277
1.614023,-83.193280,-60.660054
1.617030,-83.165868,-64.168877
1.620015,-83.220693,-67.979240
1.623016,-83.275519,-68.527494
1.625026,-83.193280,-72.420095
1.628018,-83.138455,-73.461777
1.631010,-83.220693,-74.640522
1.634018,-83.302931,-76.806124
1.637008,-83.193280,-77.189902
1.640018,-83.220693,-78.560536
1.643002,-83.248106,-79.711869
1.646018,-83.193280,-79.931171
1.649026,-83.165868,-80.863202
1.652018,-83.248106,-81.630757
1.654996,-83.275519,-82.069360
1.657995,-83.220693,-82.891741
1.660993,-83.220693,-82.973979
1.663990,-83.220693,-83.494820
1.666987,-83.193280,-83.878598
1.669989,-83.193280,-83.714122
1.672986,-83.165868,-83.960836
1.675981,-83.248106,-83.577058
1.678980,-83.193280,-83.631883
1.680982,-83.220693,-83.604471
1.683982,-83.220693,-83.165868
1.686982,-83.193280,-83.357757
1.689973,-83.193280,-82.233836
1.692976,-83.248106,-82.699852
1.697970,-83.248106,-83.851185
1.700968,-83.302931,-83.494820
1.704973,-83.193280,-83.741534
1.707970,-83.220693,-83.604471
1.710961,-83.220693,-84.289788
1.712968,-83.220693,-83.823772
1.715961,-83.220693,-84.180137
1.718960,-83.220693,-84.152725
1.721957,-83.220693,-83.960836
1.724955,-83.193280,-83.741534
1.727953,-83.193280,-83.906010
1.730951,-83.220693,-83.906010
1.733950,-83.220693,-83.659296
1.736948,-83.248106,-83.851185
1.739945,-83.220693,-83.357757
1.742944,-83.165868,-83.357757
1.745939,-83.193280,-83.193280
1.748938,-83.275519,-82.727265
1.750940,-83.220693,-82.919154
1.753935,-83.165868,-81.740408
1.756938,-83.248106,-82.535376
1.759932,-83.248106,-82.891741
1.762932,-83.193280,-82.754677
1.765932,-83.165868,-83.604471
1.768929,-83.248106,-83.001392
1.771925,-83.248106,-82.891741
1.774926,-83.220693,-83.111042
1.777923,-83.193280,-82.836916
1.780921,-83.165868,-83.604471
1.783926,-83.275519,-83.549645
1.786918,-83.193280,-83.467407
1.789915,-83.193280,-84.015661
1.792913,-83.193280,-83.467407
1.795912,-83.165868,-83.549645
1.798907,-83.193280,-83.001392
1.800909,-83.220693,-81.712995
1.803913,-83.220693,-82.206424
1.806902,-83.220693,-80.726139
1.809903,-83.220693,-80.671313
1.813898,-83.165868,-79.958583
1.816897,-83.193280,-80.314948
1.818897,-83.220693,-81.850059
1.821896,-83.220693,-81.548519
1.824894,-83.220693,-82.480551
1.827893,-83.248106,-83.220693
1.830891,-83.193280,-83.220693
1.833893,-83.220693,-83.796360
1.836893,-83.193280,-84.207550
1.839893,-83.220693,-83.851185
1.842882,-83.193280,-84.262375
1.845893,-83.220693,-83.960836
1.848879,-83.220693,-84.152725
1.851878,-83.220693,-83.604471
1.853875,-83.193280,-83.714122
1.857871,-83.165868,-83.330344
1.859873,-83.248106,-83.878598
1.862871,-83.220693,-83.933423
1.865868,-83.220693,-83.741534
1.869864,-83.165868,-83.604471
1.871865,-83.165868,-82.645027
1.874864,-83.220693,-82.398313
1.877862,-83.220693,-82.288662
1.880860,-83.193280,-82.836916
1.883858,-83.220693,-82.343487
1.886857,-83.220693,-82.425725
1.889852,-83.193280,-82.014535
1.892853,-83.165868,-82.891741
1.895851,-83.220693,-82.782090
1.898849,-83.220693,-82.425725
1.901848,-83.248106,-82.453138
1.904849,-83.193280,-82.562789
1.907842,-83.220693,-82.480551
1.909844,-83.193280,-83.083630
1.912839,-83.220693,-82.535376
1.915839,-83.165868,-82.179011
1.918838,-83.220693,-81.603345
1.923831,-83.248106,-81.904884
1.926833,-83.220693,-81.904884
1.929832,-83.220693,-81.877471
1.932831,-83.193280,-83.056217
1.935824,-83.248106,-81.850059
1.937824,-83.193280,-82.316074
1.940829,-83.220693,-82.480551
1.943833,-83.165868,-81.932297
1.946817,-83.220693,-82.453138
1.949832,-83.248106,-84.289788
1.952833,-83.193280,-83.686709
1.955829,-83.165868,-85.084756
1.958812,-83.193280,-85.166994
1.961827,-83.165868,-84.865454
1.964809,-83.275519,-85.660422
1.967809,-83.220693,-84.783216
1.970804,-83.220693,-84.646153
1.973802,-83.220693,-84.892867
1.975803,-83.220693,-83.796360
1.978801,-83.193280,-84.646153
1.981798,-83.220693,-84.563915
1.984795,-83.193280,-83.604471
1.987793,-83.193280,-84.755804
1.990792,-83.193280,-83.357757
1.993790,-83.220693,-83.522233
1.996788,-83.165868,-84.207550
1.999786,-83.220693,-82.425725
2.002785,-83.165868,-83.220693
2.005782,-83.193280,-83.001392
2.008780,-83.220693,-84.152725
2.011778,-83.193280,-83.467407
2.014777,-83.165868,-83.659296
2.017776,-83.193280,-84.618740
2.020773,-83.165868,-83.549645
2.023772,-83.220693,-84.125312
2.026770,-83.193280,-84.344613
2.029768,-83.220693,-83.056217
2.032765,-83.275519,-84.097899
2.035763,-83.193280,-83.385169
2.038762,-83.220693,-83.412582
2.041761,-83.193280,-83.275519
2.044757,-83.220693,-81.932297
2.046769,-83.220693,-83.056217
2.049769,-83.220693,-82.590201
2.052753,-83.165868,-82.316074
2.055768,-83.193280,-83.302931
2.058769,-83.220693,-82.645027
2.061769,-83.248106,-83.056217
2.064745,-83.220693,-83.248106
2.067747,-83.193280,-83.357757
2.070748,-83.193280,-83.659296
2.073744,-83.193280,-84.070486
2.076742,83.420992,-87.469660
2.079740,83.338754,-46.569936
2.082738,83.311341,-30.917296
2.084738,83.311341,-16.333752
2.087734,83.338754,2.745471
2.090731,83.311341,13.080050
2.093729,83.283928,23.661343
2.096727,83.311341,34.105574
2.099726,83.311341,38.491602
2.102724,83.366166,45.591486
2.111719,83.311341,56.309845
2.114717,83.338754,60.805525
2.117714,83.311341,63.491968
2.120713,83.283928,66.644427
2.123711,83.283928,68.344013
2.126709,83.338754,70.674092
2.129708,83.311341,72.702630
2.132706,83.338754,74.347392
2.134706,83.311341,76.787121
2.137703,83.338754,77.445025
2.140707,83.311341,77.883628
2.143707,83.338754,78.459295
2.146698,83.283928,77.911041
2.149700,83.311341,78.239993
2.152713,83.283928,79.254263
2.155711,83.283928,80.323358
2.158691,83.311341,80.158882
2.161705,83.311341,82.653436
2.164707,83.338754,82.516373
2.167686,83.283928,82.900150
2.170682,83.338754,83.996658
2.173683,83.311341,83.037214
2.176681,83.283928,84.462674
2.179680,83.311341,83.503230
2.182675,83.283928,83.229103
2.185673,83.311341,82.488960
2.187673,83.311341,82.598611
2.190674,83.311341,80.734548
2.193669,83.338754,83.612880
2.197670,83.311341,82.872738
2.201666,83.311341,84.078896
2.206662,83.283928,82.872738
2.210660,83.256515,83.667706
2.214656,83.311341,85.230229
2.217657,83.338754,83.749944
2.221655,83.338754,82.050357
2.225651,83.311341,81.118326
2.230646,83.338754,84.024071
2.234646,83.366166,84.161134
2.238643,83.311341,84.270785
2.242642,83.366166,84.681975
2.247636,83.366166,85.860721
2.252635,83.338754,83.420992
2.256631,83.366166,83.996658
2.260631,83.311341,82.132595
2.264628,83.311341,83.229103
2.269622,83.338754,86.463800
2.273623,83.338754,82.132595
2.277621,83.338754,82.214833
2.281618,83.366166,84.435261
2.285613,83.366166,83.037214
2.289610,83.311341,82.132595
2.294607,83.338754,82.571198
2.298607,83.311341,81.748818
2.302606,83.338754,82.708262
2.306603,83.338754,83.037214
2.310600,83.311341,83.119452
2.314600,83.311341,83.777357
2.319594,83.283928,83.146865
2.323594,83.338754,81.419865
2.327587,83.311341,80.021818
2.331584,83.366166,81.090913
2.335586,83.311341,80.844199
2.339582,83.229103,83.366166
2.343581,83.311341,84.490086
2.347584,83.366166,83.695118
2.351583,83.338754,83.201690
2.355572,83.311341,83.393579
2.359588,83.338754,83.969245
2.363583,83.283928,82.461547
2.367566,83.283928,84.709388
2.371564,83.366166,83.832182
2.375564,83.311341,84.873864
2.379555,83.393579,85.531769
2.382559,83.311341,85.504356
2.385556,83.311341,85.888134
2.388552,83.338754,85.942959
2.391556,83.311341,85.751070
2.395545,83.283928,84.736801
2.398547,83.311341,85.038340
2.401545,83.338754,85.915546
2.404541,83.338754,84.983515
2.407541,83.311341,85.805896
2.411536,83.338754,85.614007
2.414535,83.366166,85.942959
2.417535,83.366166,84.764213
2.420534,83.311341,85.339880
2.423532,83.311341,83.667706
2.426529,83.338754,85.449531
2.429528,83.311341,83.393579
2.433523,83.311341,86.025197
2.436524,83.311341,83.503230
2.439521,83.311341,85.257642
2.442518,83.256515,83.530642
2.445519,83.338754,84.627150
2.448515,83.311341,81.556929
2.451520,83.311341,84.517499
2.455512,83.366166,80.953850
2.458519,83.283928,82.680849
2.461508,83.338754,81.337627
2.464520,83.311341,80.624897
2.468504,83.338754,83.366166
2.471501,83.311341,81.063500
2.474500,83.283928,83.448404
2.477501,83.338754,82.872738
2.480498,83.256515,82.872738
2.484494,83.338754,83.311341
2.487492,83.338754,82.105182
2.490488,83.229103,84.544912
2.493488,83.256515,82.187421
2.496485,83.311341,85.723658
2.499483,83.311341,81.666579
2.503481,83.283928,82.132595
2.507481,83.311341,81.556929
2.510478,83.338754,83.366166
2.513477,83.283928,81.173151
2.516478,83.283928,83.174277
2.520473,83.283928,82.269659
2.523472,83.283928,81.365040
2.526473,83.366166,82.763087
2.529468,83.338754,80.734548
2.532465,83.311341,82.790500
2.536463,83.366166,81.310214
2.539464,83.338754,83.749944
2.542461,83.311341,81.858468
2.545460,83.311341,83.804769
2.548461,83.283928,82.900150
2.552450,83.283928,83.283928
2.555453,83.311341,84.161134
2.558459,83.283928,84.544912
2.561464,83.366166,85.394705
2.565460,83.311341,85.888134
2.568443,83.338754,85.778483
2.571441,83.311341,85.367293
2.574456,83.283928,84.517499
2.577458,-83.248106,85.147991
2.581435,-83.275519,48.195691
2.584436,-83.248106,29.555069
2.587433,-83.248106,9.488989
2.590431,-83.193280,-3.093429
2.593431,-83.275519,-17.676973
2.596427,-83.193280,-26.476443
2.600421,-83.275519,-35.933816
2.603422,-83.248106,-43.856081
2.606421,-83.248106,-47.913157
2.609419,-83.193280,-55.040454
2.613417,-83.220693,-58.110674
2.616414,-83.220693,-64.223702
2.619413,-83.275519,-67.156860
2.622411,-83.248106,-69.952953
2.625408,-83.165868,-72.694222
2.629405,-83.193280,-74.311570
2.632404,-83.220693,-77.025426
2.634404,-83.193280,-77.957457
2.638400,-83.165868,-79.410330
2.641399,-83.220693,-79.739282
2.644397,-83.165868,-81.466281
2.647396,-83.165868,-81.055091
2.650392,-83.248106,-83.083630
2.654395,-83.220693,-81.740408
2.657395,-83.220693,-82.398313
2.660395,-83.193280,-82.919154
2.664402,-83.220693,-82.919154
2.667395,-83.220693,-84.454264
2.670382,-83.248106,-83.851185
2.673395,-83.138455,-83.988248
2.677379,-83.248106,-84.810629
2.680395,-83.220693,-83.494820
2.683376,-83.165868,-85.139581
2.686374,-83.248106,-84.289788
2.690370,-83.193280,-84.344613
2.693368,-83.193280,-84.152725
2.696368,-83.220693,-84.399439
2.699366,-83.165868,-84.947692
2.702361,-83.248106,-83.604471
2.706362,-83.248106,-84.810629
2.709359,-83.220693,-83.439995
2.712357,-83.220693,-84.563915
2.715359,-83.193280,-82.919154
2.718356,-83.193280,-84.673566
2.721355,-83.193280,-82.343487
2.725348,-83.248106,-84.646153
2.729343,-83.193280,-83.604471
2.732345,-83.193280,-84.920280
2.735345,-83.220693,-83.412582
2.738340,-83.220693,-84.509089
2.741341,-83.193280,-83.138455
2.744337,-83.193280,-84.317201
2.747334,-83.193280,-82.699852
2.750334,-83.220693,-84.317201
2.754333,-83.275519,-82.398313
2.757336,-83.220693,-84.070486
2.760334,-83.220693,-83.111042
2.763334,-83.220693,-83.001392
2.767334,-83.220693,-83.056217
2.770337,-83.220693,-82.233836
2.773335,-83.220693,-82.014535
2.776334,-83.220693,-80.424599
2.779315,-83.138455,-80.863202
2.783331,-83.165868,-81.055091
2.786312,-83.193280,-81.712995
2.789310,-83.248106,-82.699852
2.792310,-83.220693,-82.891741
2.795306,-83.220693,-83.988248
2.799306,-83.248106,-84.070486
2.802301,-83.220693,-84.591328
2.805298,-83.275519,-84.043074
2.808301,-83.248106,-84.372026
2.811296,-83.193280,-84.426851
2.815295,-83.165868,-83.851185
2.818292,-83.165868,-83.741534
2.821290,-83.193280,-83.138455
2.824289,-83.275519,-83.275519
2.828283,-83.248106,-83.494820
2.831284,-83.248106,-83.988248
2.834282,-83.220693,-83.823772
2.837281,-83.193280,-83.412582
2.840279,-83.165868,-82.014535
2.844277,-83.248106,-83.001392
2.847274,-83.248106,-83.083630
2.850273,-83.220693,-83.714122
2.853272,-83.220693,-82.946566
2.857273,-83.165868,-82.836916
2.860271,-83.220693,-83.028804
2.863271,-83.193280,-82.398313
2.867261,-83.193280,-82.507963
2.870261,-83.193280,-82.535376
2.873272,-83.220693,-82.370900
2.876270,-83.165868,-82.316074
2.879253,-83.248106,-82.288662
2.883254,-83.193280,-81.959710
2.886252,-83.248106,-81.795233
2.889251,-83.220693,-81.822646
2.892248,-83.248106,-82.124186
2.895248,-83.248106,-81.822646
2.899244,-83.220693,-82.425725
2.902242,-83.193280,-81.904884
2.905238,-83.220693,-81.027678
2.908237,-83.248106,-81.795233
2.911234,-83.248106,-81.137329
2.914233,-83.193280,-82.754677
2.917231,-83.193280,-83.686709
2.921229,-83.248106,-84.755804
2.923228,-83.193280,-84.536502
2.927225,-83.248106,-85.194407
2.930223,-83.165868,-84.892867
2.933221,-83.193280,-85.139581
2.936219,-83.248106,-85.057343
2.939218,-83.220693,-84.563915
2.943215,-83.193280,-84.481677
2.946213,-83.165868,-83.933423
2.949211,-83.220693,-84.207550
2.952209,-83.193280,-83.851185
2.955206,-83.138455,-84.207550
2.958206,-83.165868,-83.330344
2.960205,-83.193280,-83.275519
2.964200,-83.220693,-83.604471
2.966201,-83.165868,-82.343487
2.969202,-83.193280,-82.617614
2.972197,-83.248106,-83.083630
2.975213,-83.193280,-83.220693
2.978194,-83.165868,-83.906010
2.981196,-83.165868,-83.878598
2.984193,-83.248106,-84.180137
2.987190,-83.193280,-84.454264
2.990188,-83.220693,-84.070486
2.993187,-83.220693,-84.207550
2.996185,-83.165868,-83.549645
2.999180,-83.193280,-83.714122
3.002178,-83.248106,-83.193280
3.005177,-83.248106,-83.439995
3.008174,-83.165868,-82.919154
3.011174,-83.220693,-82.562789
3.014174,-83.248106,-81.987122
3.017170,-83.220693,-82.891741
3.020168,-83.193280,-82.206424
3.023166,-83.193280,-82.699852
3.026163,-83.220693,-82.809503
3.029161,-83.138455,-82.535376
3.031160,-83.193280,-83.083630
3.034158,-83.248106,-82.919154
3.037157,-83.248106,-83.796360
3.040157,-83.220693,-83.878598
3.043154,-83.248106,-83.988248
3.046153,-83.193280,-84.399439
3.049150,-83.193280,-84.372026
3.052149,-83.193280,-84.289788
3.055146,-83.193280,-84.810629
3.058144,-83.248106,-83.906010
3.062143,-83.220693,-84.317201
3.065141,-83.248106,-83.631883
3.068141,-83.220693,-83.522233
3.071146,-83.220693,-82.782090
3.074136,-83.220693,-82.151598
3.077146,83.393579,-85.523359
3.080146,83.283928,-44.788112
3.083128,83.283928,-30.670582
3.086145,83.311341,-15.895149
3.089146,83.311341,5.733452
3.092126,83.283928,13.244526
3.095129,83.311341,25.443167
3.098121,83.311341,35.393969
3.101118,83.338754,40.246014
3.103121,83.311341,47.400723
3.106118,83.366166,48.469818
3.109114,83.366166,54.226481
3.112114,83.311341,59.544542
3.115113,83.338754,60.202446
3.118113,83.311341,66.617014
3.121107,83.338754,68.508489
3.124107,83.311341,70.043600
3.127106,83.311341,74.182916
3.130105,83.366166,74.758582
3.133101,83.311341,76.567819
3.136097,83.311341,79.007549
3.139103,83.366166,78.596358
3.141097,83.311341,79.583215
3.144092,83.338754,79.966993
3.147093,83.366166,79.199437
3.150091,83.283928,80.570072
3.153090,83.311341,80.844199
3.156085,83.283928,81.365040
3.159087,83.283928,82.900150
3.162084,83.256515,81.776230
3.165085,83.311341,82.845325
3.168077,83.366166,83.064627
3.171081,83.311341,83.612880
3.174074,83.311341,84.353023
3.177072,83.338754,83.503230
3.179073,83.311341,83.585468
3.182085,83.311341,82.324484
3.185085,83.311341,82.763087
3.188082,83.311341,81.200564
3.191065,83.311341,82.488960
3.194080,83.283928,83.887007
3.197063,83.393579,82.653436
3.200061,83.338754,84.654563
3.203057,83.311341,84.819039
3.206059,83.311341,83.887007
3.209055,83.338754,85.531769
3.212051,83.311341,84.188547
3.215049,83.311341,84.490086
3.217051,83.311341,83.448404
3.220049,83.338754,82.735674
3.223047,83.311341,83.064627
3.226042,83.338754,81.940706
3.229046,83.366166,82.543786
3.232041,83.311341,84.024071
3.235040,83.338754,81.776230
3.238035,83.311341,82.954976
3.241042,83.311341,85.641419
3.244035,83.311341,83.475817
3.247030,83.338754,85.175404
3.250031,83.366166,82.543786
3.253027,83.338754,81.940706
3.255028,83.338754,83.887007
3.259023,83.311341,82.817912
3.262023,83.338754,83.585468
3.265020,83.311341,83.420992
3.268019,83.366166,82.790500
3.271016,83.311341,85.641419
3.273016,83.311341,83.667706
3.276021,83.229103,84.243372
3.279021,83.338754,85.120578
3.282011,83.311341,83.941833
3.285007,83.311341,83.804769
3.288023,83.338754,84.325610
3.291004,83.338754,81.803643
3.294002,83.338754,82.571198
3.297001,83.366166,81.776230
3.299998,83.338754,83.914420
3.303002,83.338754,83.283928
3.305995,83.338754,83.009801
3.308993,83.338754,83.804769
3.312991,83.311341,80.515246
3.315989,83.256515,82.351897
3.318985,83.366166,80.186294
3.321985,83.311341,82.351897
3.324983,83.283928,79.199437
3.327981,83.338754,82.516373
3.330981,83.366166,80.789373
3.333978,83.311341,81.447278
3.336976,83.311341,82.708262
3.339974,83.338754,82.626024
3.342973,83.311341,83.941833
3.345971,83.311341,82.872738
3.348969,83.283928,83.612880
3.351967,83.338754,83.804769
3.354964,83.338754,83.996658
3.357962,83.311341,82.872738
3.360960,83.338754,82.735674
3.362959,83.311341,81.885881
3.365959,83.338754,82.790500
3.368956,83.283928,81.858468
3.371956,83.338754,81.337627
3.374954,83.256515,83.146865
3.377953,83.311341,84.654563
3.380948,83.366166,84.627150
3.383948,83.366166,84.435261
3.386950,83.366166,83.996658
3.389945,83.311341,84.407848
3.392947,83.311341,84.106309
3.395945,83.338754,84.133722
3.398942,83.311341,83.146865
3.401937,83.256515,83.941833
3.404939,83.366166,84.270785
3.407938,83.311341,85.038340
3.410936,83.311341,85.614007
3.413929,83.311341,85.915546
3.416927,83.338754,85.833308
3.418929,83.338754,85.805896
3.421928,83.311341,85.970372
3.424922,83.366166,85.147991
3.427924,83.256515,84.901277
3.430922,83.283928,84.106309
3.433919,83.311341,83.941833
3.436916,83.311341,84.654563
3.439916,83.283928,83.804769
3.442914,83.311341,84.983515
3.445912,83.393579,84.215960
3.448910,83.311341,85.093166
3.451909,83.283928,84.353023
3.454906,83.338754,83.777357
3.456905,83.311341,83.256515
3.460901,83.283928,83.146865
3.463902,83.283928,82.324484
3.466898,83.338754,82.735674
3.469896,83.311341,82.242246
3.471895,83.338754,82.214833
3.474897,83.311341,83.119452
3.477897,83.338754,82.516373
3.480896,83.338754,81.831056
3.483887,83.311341,82.598611
3.487885,83.338754,81.721405
3.489897,83.283928,82.105182
3.492897,83.256515,82.461547
3.495878,83.366166,81.282802
3.498878,83.311341,80.323358
3.501877,83.366166,81.392453
3.504873,83.283928,81.063500
3.507874,83.366166,82.132595
3.510872,83.338754,82.242246
3.513871,83.283928,82.105182
3.516869,83.338754,83.311341
3.519866,83.420992,82.653436
3.521866,83.311341,82.653436
3.525865,83.283928,83.640293
3.527862,83.338754,86.244499
3.530859,83.366166,82.735674
3.533859,83.229103,84.709388
3.536857,83.338754,83.558055
3.539856,83.311341,83.174277
3.542853,83.311341,82.845325
3.545851,83.311341,81.858468
3.548850,83.338754,82.900150
3.551848,83.311341,82.763087
3.554844,83.311341,83.092039
3.557844,83.366166,83.119452
3.560840,83.311341,83.092039
3.563838,83.311341,82.708262
3.565837,83.283928,82.214833
3.568838,83.338754,82.817912
3.572833,83.338754,83.064627
3.575831,-83.494820,84.024071
3.577829,-83.275519,50.827308
3.580834,-83.302931,42.027838
3.583834,-83.248106,20.837837
3.586834,-83.220693,5.294850
3.589823,-83.248106,-4.244762
3.592823,-83.248106,-19.869987
3.595837,-83.248106,-29.299948
3.598833,-83.248106,-34.480945
3.601816,-83.248106,-45.034826
3.604834,-83.220693,-47.995395
3.607812,-83.193280,-52.710376
3.610810,-83.220693,-58.576690
3.613807,-83.165868,-59.782848
3.616806,-83.193280,-63.702861
3.618805,-83.193280,-67.129447
3.621804,-83.248106,-67.677701
3.624802,-83.220693,-72.721634
3.628798,-83.138455,-72.447508
3.630798,-83.220693,-76.833537
3.633795,-83.248106,-75.435490
3.636794,-83.165868,-76.669061
3.639791,-83.138455,-79.931171
3.642791,-83.248106,-78.505711
3.645791,-83.193280,-81.164742
3.648789,-83.220693,-81.712995
3.651787,-83.165868,-82.151598
3.654786,-83.248106,-82.782090
3.657784,-83.248106,-82.480551
3.660782,-83.193280,-83.906010
3.663780,-83.220693,-83.275519
3.666778,-83.275519,-83.577058
3.669777,-83.275519,-84.015661
3.672772,-83.165868,-83.467407
3.675773,-83.220693,-84.207550
3.678772,-83.275519,-83.357757
3.681772,-83.220693,-83.960836
3.684765,-83.193280,-83.577058
3.687773,-83.248106,-83.631883
3.690765,-83.220693,-84.646153
3.693761,-83.220693,-84.125312
3.696757,-83.220693,-84.673566
3.699755,-83.220693,-84.810629
3.701774,-83.220693,-84.563915
3.704772,-83.248106,-84.673566
3.707751,-83.193280,-83.878598
3.710752,-83.165868,-83.960836
3.713754,-83.220693,-83.933423
3.716748,-83.220693,-83.577058
3.719744,-83.220693,-83.823772
3.722742,-83.248106,-83.906010
3.725742,-83.220693,-83.302931
3.728737,-83.220693,-83.467407
3.731740,-83.220693,-83.056217
3.734734,-83.165868,-81.630757
3.737733,-83.275519,-81.850059
3.740734,-83.193280,-80.314948
3.743735,-83.193280,-80.808377
3.746730,-83.138455,-80.643901
3.749725,-83.248106,-81.466281
3.751732,-83.220693,-82.535376
3.754723,-83.111042,-82.699852
3.757723,-83.165868,-83.165868
3.760718,-83.220693,-83.741534
3.763724,-83.220693,-84.043074
3.766714,-83.165868,-84.372026
3.769718,-83.220693,-83.686709
3.772713,-83.220693,-84.372026
3.775713,-83.275519,-83.494820
3.778714,-83.220693,-84.097899
3.781712,-83.220693,-83.494820
3.784712,-83.248106,-83.851185
3.787712,-83.220693,-83.577058
3.790712,-83.193280,-83.741534
3.793711,-83.248106,-83.851185
3.796714,-83.193280,-83.467407
3.799695,-83.193280,-83.659296
3.802693,-83.248106,-82.206424
3.804712,-83.193280,-82.151598
3.807710,-83.193280,-82.535376
3.810692,-83.165868,-82.398313
3.813687,-83.248106,-83.439995
3.816689,-83.193280,-82.645027
3.819686,-83.193280,-83.028804
3.822682,-83.165868,-84.070486
3.825682,-83.138455,-83.659296
3.828681,-83.193280,-83.522233
3.831678,-83.165868,-83.851185
3.834677,-83.193280,-83.028804
3.837671,-83.193280,-83.412582
3.840670,-83.193280,-83.248106
3.842672,-83.220693,-82.453138
3.845670,-83.193280,-84.070486
3.848666,-83.193280,-81.466281
3.851666,-83.220693,-82.069360
3.854665,-83.220693,-82.124186
3.857662,-83.220693,-81.301805
3.860661,-83.193280,-82.069360
3.863659,-83.220693,-82.179011
3.866657,-83.220693,-82.041948
3.869655,-83.193280,-81.932297
3.872651,-83.220693,-80.753551
3.875652,-83.165868,-81.493694
3.878647,-83.193280,-81.356630
3.880648,-83.220693,-83.220693
3.883645,-83.220693,-83.549645
3.886648,-83.193280,-83.906010
3.889641,-83.248106,-84.289788
3.892639,-83.193280,-84.262375
3.895648,-83.165868,-84.536502
3.898636,-83.220693,-84.646153
3.901634,-83.248106,-83.741534
3.904632,-83.220693,-83.357757
3.907630,-83.220693,-84.481677
3.910629,-83.248106,-83.467407
3.913627,-83.275519,-83.494820
3.916625,-83.193280,-84.481677
3.919623,-83.193280,-82.946566
3.921621,-83.220693,-83.193280
3.924620,-83.165868,-83.357757
3.927619,-83.165868,-82.233836
3.930617,-83.248106,-82.645027
3.933618,-83.248106,-82.343487
3.936617,-83.220693,-82.370900
3.939611,-83.138455,-83.275519
3.942613,-83.248106,-83.714122
3.945610,-83.220693,-83.385169
3.948607,-83.193280,-84.152725
3.951607,-83.193280,-83.768947
3.954602,-83.165868,-84.399439
3.957603,-83.193280,-83.439995
3.960601,-83.193280,-82.809503
3.963598,-83.193280,-83.686709
3.966598,-83.220693,-82.480551
3.969595,-83.220693,-83.330344
3.972590,-83.193280,-82.699852
3.974592,-83.220693,-81.137329
3.977588,-83.165868,-81.219567
3.980589,-83.193280,-82.672439
3.983586,-83.220693,-81.904884
3.986589,-83.193280,-82.672439
3.989579,-83.193280,-83.220693
3.992587,-83.220693,-82.891741
3.995587,-83.220693,-83.522233
3.998586,-83.165868,-83.275519
4.001573,-83.111042,-83.823772
4.004570,-83.248106,-84.262375
4.007569,-83.220693,-84.180137
4.010569,-83.193280,-84.838042
4.013567,-83.138455,-84.700978
4.016588,-83.220693,-85.057343
4.019565,-83.165868,-85.139581
4.022561,-83.193280,-84.618740
4.025558,-83.275519,-84.892867
4.027560,-83.220693,-84.454264
4.030558,-83.193280,-83.933423
4.033556,-83.193280,-83.823772
4.036551,-83.220693,-83.083630
4.039568,-83.193280,-82.151598
4.042550,-83.193280,-83.796360
4.045549,-83.220693,-80.452012
4.048549,-83.275519,-81.466281
4.051545,-83.220693,-81.466281
4.054543,-83.193280,-79.903758
4.057541,-83.248106,-81.109916
4.060540,-83.193280,-81.740408
4.063536,-83.193280,-81.192154
4.065536,-83.220693,-81.850059
4.069532,-83.302931,-82.617614
4.071530,-83.165868,-82.343487
4.074531,-83.220693,-83.686709
4.077529,83.448404,-87.113295
4.080527,83.311341,-43.609366
4.083526,83.283928,-31.109185
4.086524,83.338754,-14.250389
4.089520,83.311341,7.131499
4.092524,83.283928,13.354176
4.095523,83.311341,25.991421
4.098534,83.366166,36.682365
4.101517,83.311341,38.875380
4.103524,83.283928,47.674850
4.106510,83.338754,49.840452
4.109524,83.311341,52.143117
4.112524,83.311341,58.612510
4.115524,83.338754,60.778112
4.118502,83.338754,64.561063
4.121503,83.283928,69.193807
4.124501,83.283928,69.111569
4.127501,83.338754,72.154377
4.130497,83.311341,70.674092
4.133496,83.366166,73.333122
4.136494,83.366166,75.197185
4.139492,83.338754,76.019566
4.142487,83.311341,75.197185
4.145485,83.311341,79.254263
4.148487,83.338754,79.418739
4.151487,83.338754,81.145738
4.154480,83.311341,80.405596
4.157479,83.311341,80.350770
4.160483,83.338754,80.186294
4.163479,83.338754,83.393579
4.166476,83.311341,82.242246
4.168474,83.311341,84.654563
4.171470,83.366166,83.969245
4.174469,83.311341,84.544912
4.177472,83.338754,85.997784
4.180465,83.338754,84.133722
4.183463,83.338754,85.805896
4.186461,83.283928,84.901277
4.189458,83.283928,84.681975
4.192457,83.283928,84.654563
4.195456,83.311341,84.270785
4.198454,83.256515,84.024071
4.201453,83.338754,83.612880
4.204475,83.311341,83.612880
4.207447,83.338754,84.215960
4.210445,83.366166,84.764213
4.212445,83.338754,84.956102
4.215460,83.256515,84.215960
4.218460,83.311341,82.872738
4.221460,83.311341,81.584341
4.224438,83.366166,81.502103
4.227438,83.311341,80.871611
4.230437,83.338754,80.104056
4.233435,83.338754,82.900150
4.236434,83.366166,82.735674
4.239432,83.366166,82.817912
4.242429,83.283928,84.051483
4.245426,83.366166,83.722531
4.248423,83.311341,84.024071
4.250425,83.338754,84.736801
4.253423,83.338754,84.024071
4.256436,83.338754,83.667706
4.260417,83.311341,82.297071
4.263414,83.311341,82.598611
4.265416,83.338754,82.105182
4.268414,83.311341,81.584341
4.271410,83.311341,82.817912
4.274410,83.256515,81.502103
4.277409,83.283928,80.926437
4.280406,83.366166,85.668832
4.283405,83.338754,83.667706
4.286405,83.283928,82.297071
4.289401,83.311341,84.764213
4.292396,83.338754,81.008675
4.295397,83.283928,84.298198
4.298399,83.311341,80.186294
4.301399,83.338754,84.243372
4.304400,83.311341,82.351897
4.307389,83.338754,82.790500
4.310399,83.256515,85.531769
4.313399,83.311341,82.516373
4.316399,83.311341,84.544912
4.319380,83.338754,84.627150
4.322399,83.311341,83.119452
4.325379,83.311341,82.927563
4.328378,83.366166,84.133722
4.330375,83.338754,82.461547
4.333373,83.283928,81.748818
4.336370,83.338754,81.666579
4.339374,83.283928,82.379309
4.342370,83.338754,83.037214
4.345369,83.338754,83.338754
4.348366,83.311341,81.913294
4.351363,83.311341,81.803643
4.354364,83.338754,81.365040
4.357360,83.338754,82.105182
4.360360,83.338754,81.310214
4.363357,83.366166,80.021818
4.366354,83.311341,81.556929
4.369350,83.311341,81.748818
4.371352,83.311341,81.721405
4.374350,83.311341,83.119452
4.377347,83.311341,82.105182
4.380346,83.311341,84.490086
4.383346,83.366166,83.722531
4.386346,83.338754,83.393579
4.389338,83.338754,84.078896
4.392341,83.311341,83.777357
4.395341,83.311341,83.722531
4.398344,83.338754,83.092039
4.401338,83.311341,81.748818
4.404336,83.311341,81.419865
4.407327,83.338754,81.995532
4.410325,83.338754,80.131469
4.412325,83.338754,79.912167
4.415345,83.338754,81.639167
4.418338,83.338754,82.516373
4.425317,83.366166,82.817912
4.428314,83.338754,82.434135
4.430316,83.338754,83.009801
4.433314,83.338754,82.214833
4.436311,83.338754,84.024071
4.439311,83.311341,82.434135
4.442311,83.256515,83.448404
4.445306,83.338754,83.859595
4.448309,83.311341,83.393579
4.451303,83.338754,85.147991
4.454302,83.311341,85.394705
4.457299,83.283928,85.147991
4.460295,83.338754,85.997784
4.463293,83.338754,85.805896
4.466291,83.311341,85.285055
4.468293,83.338754,85.504356
4.471290,83.311341,84.599737
4.475289,83.311341,85.230229
4.478285,83.256515,85.257642
4.481282,83.283928,84.928690
4.483284,83.338754,85.833308
4.486282,83.338754,84.654563
4.489280,83.283928,84.956102
4.492279,83.283928,82.872738
4.495275,83.338754,84.078896
4.498273,83.338754,82.571198
4.501269,83.311341,83.229103
4.504270,83.283928,82.351897
4.507267,83.283928,81.474691
4.510265,83.338754,83.530642
4.513263,83.338754,82.817912
4.516262,83.311341,82.461547
4.519260,83.283928,81.748818
4.522258,83.338754,83.229103
4.525256,83.338754,81.748818
4.528255,83.393579,81.968119
4.531253,83.366166,82.022944
4.534250,83.338754,82.680849
4.537250,83.311341,81.529516
4.540246,83.338754,80.268532
4.543245,83.338754,81.885881
4.546246,83.338754,81.200564
4.549248,83.338754,82.242246
4.551244,83.283928,81.721405
4.554246,83.311341,83.201690
4.557239,83.311341,82.379309
4.560237,83.338754,83.366166
4.563235,83.283928,80.323358
4.566233,83.283928,85.970372
4.569232,83.338754,83.749944
4.572231,83.311341,80.981262
4.575230,83.311341,86.244499
4.578225,-83.275519,83.037214
4.581224,-83.248106,48.469818
4.584222,-83.248106,34.242637
4.587217,-83.220693,14.615160
4.589218,-83.248106,-1.667970
4.592218,-83.248106,-9.151631
4.595216,-83.193280,-23.406223
4.598216,-83.193280,-30.122329
4.601213,-83.220693,-35.632277
4.604214,-83.220693,-44.980000
4.607214,-83.193280,-46.295809
4.610208,-83.193280,-52.491075
4.613205,-83.220693,-56.794866
4.616202,-83.165868,-58.658928
4.619219,-83.165868,-63.648036
4.622199,-83.248106,-66.115178
4.625195,-83.193280,-67.869589
4.628193,-83.220693,-71.323587
4.630197,-83.248106,-71.433238
4.633194,-83.248106,-73.242475
4.636189,-83.193280,-74.777586
4.639191,-83.248106,-75.188776
4.642187,-83.248106,-77.189902
4.645185,-83.193280,-77.984870
4.648183,-83.220693,-78.615362
4.651183,-83.220693,-79.355504
4.654180,-83.248106,-80.150472
4.657176,-83.165868,-81.164742
4.660177,-83.220693,-82.261249
4.663172,-83.193280,-82.343487
4.666170,-83.193280,-82.946566
4.668172,-83.220693,-83.220693
4.671167,-83.275519,-83.385169
4.674169,-83.248106,-83.111042
4.677166,-83.193280,-83.549645
4.680164,-83.220693,-83.796360
4.683163,-83.220693,-83.796360
4.686161,-83.220693,-84.317201
4.689159,-83.165868,-83.823772
4.692157,-83.220693,-83.878598
4.695155,-83.275519,-84.563915
4.698153,-83.138455,-83.302931
4.701148,-83.193280,-83.933423
4.704148,-83.248106,-82.124186
4.707146,-83.220693,-82.645027
4.710144,-83.138455,-81.740408
4.713142,-83.193280,-81.384043
4.716140,-83.248106,-82.398313
4.718140,-83.165868,-82.425725
4.721138,-83.220693,-82.946566
4.724136,-83.220693,-83.741534
4.727134,-83.165868,-84.070486
4.730132,-83.193280,-84.043074
4.733150,-83.193280,-84.536502
4.736131,-83.248106,-83.906010
4.739129,-83.220693,-83.631883
4.742128,-83.248106,-83.494820
4.745122,-83.275519,-82.836916
4.748125,-83.220693,-83.768947
4.751124,-83.138455,-83.412582
4.754118,-83.165868,-83.083630
4.756119,-83.220693,-83.823772
4.760114,-83.248106,-83.522233
4.763114,-83.193280,-83.604471
4.766111,-83.220693,-83.248106
4.769112,-83.220693,-81.822646
4.772106,-83.220693,-82.179011
4.774125,-83.193280,-81.850059
4.777103,-83.220693,-83.028804
4.780104,-83.275519,-83.330344
4.783103,-83.165868,-82.453138
4.786100,-83.193280,-83.248106
4.789100,-83.138455,-82.836916
4.792101,-83.165868,-82.891741
4.795098,-83.220693,-83.412582
4.798093,-83.248106,-82.782090
4.801090,-83.220693,-83.165868
4.804092,-83.193280,-83.385169
4.807095,-83.193280,-83.165868
4.810083,-83.220693,-83.083630
4.813081,-83.165868,-82.590201
4.816082,-83.220693,-82.891741
4.819087,-83.275519,-81.959710
4.822076,-83.193280,-81.767821
4.825073,-83.220693,-82.316074
4.827091,-83.193280,-81.740408
4.830085,-83.220693,-82.809503
4.833086,-83.138455,-82.316074
4.836068,-83.165868,-81.850059
4.839068,-83.193280,-81.712995
4.842066,-83.220693,-80.918027
4.845065,-83.275519,-81.630757
4.848068,-83.193280,-83.494820
4.851061,-83.165868,-83.439995
4.854056,-83.220693,-84.344613
4.857055,-83.220693,-84.262375
4.860069,-83.193280,-84.673566
4.863050,-83.193280,-84.454264
4.865054,-83.248106,-84.618740
4.868049,-83.275519,-84.700978
4.871048,-83.193280,-83.988248
4.874049,-83.138455,-85.029931
4.877048,-83.220693,-84.509089
4.880043,-83.193280,-84.043074
4.883041,-83.275519,-84.015661
4.886039,-83.220693,-84.152725
4.889043,-83.248106,-83.138455
4.892036,-83.220693,-83.494820
4.895034,-83.193280,-83.220693
4.898032,-83.220693,-81.959710
4.901031,-83.165868,-82.480551
4.903029,-83.220693,-82.507963
4.907030,-83.193280,-82.782090
4.910026,-83.193280,-83.577058
4.913023,-83.193280,-82.919154
4.916020,-83.193280,-83.823772
4.918018,-83.165868,-83.302931
4.921034,-83.220693,-82.233836
4.924014,-83.165868,-83.577058
4.927025,-83.220693,-81.932297
4.930011,-83.248106,-82.672439
4.934008,-83.220693,-82.398313
4.936026,-83.165868,-83.056217
4.939025,-83.248106,-82.699852
4.942005,-83.248106,-81.658170
4.945004,-83.193280,-81.575932
4.948002,-83.138455,-82.151598
4.951001,-83.302931,-82.617614
4.953998,-83.220693,-82.672439
4.956998,-83.138455,-83.357757
4.959998,-83.220693,-83.330344
4.962994,-83.220693,-83.385169
4.965989,-83.248106,-83.522233
4.968986,-83.138455,-84.344613
4.971985,-83.248106,-84.509089
4.973985,-83.193280,-84.755804
4.976982,-83.193280,-85.057343
4.979984,-83.220693,-85.331470
4.982982,-83.220693,-85.166994
4.985979,-83.248106,-85.715248
4.988977,-83.220693,-85.029931
4.991976,-83.220693,-85.194407
4.994974,-83.220693,-84.536502
4.997972,-83.193280,-84.070486
5.000970,-83.193280,-84.015661
5.003968,-83.220693,-83.193280
5.006968,-83.138455,-82.809503
5.009962,-83.165868,-82.151598
5.012960,-83.193280,-81.137329
5.015958,-83.220693,-82.179011
5.018959,-83.193280,-80.808377
5.021954,-83.220693,-80.068234
5.024953,-83.220693,-82.206424
5.027956,-83.220693,-81.603345
5.030952,-83.138455,-82.836916
5.033947,-83.193280,-82.096773
5.036945,-83.248106,-82.453138
5.038947,-83.165868,-83.714122
5.041945,-83.165868,-83.083630
5.044946,-83.248106,-83.522233
5.047940,-83.193280,-83.659296
5.050940,-83.220693,-83.796360
5.053940,-83.248106,-84.043074
5.056937,-83.275519,-83.878598
5.059932,-83.193280,-84.618740
5.062933,-83.248106,-83.988248
5.065931,-83.220693,-84.289788
5.068929,-83.220693,-83.933423
5.071927,-83.248106,-83.851185
5.074925,-83.193280,-83.741534
5.077923,83.448404,-86.236089
5.080922,83.338754,-44.431747
5.083938,83.256515,-29.930440
5.086916,83.311341,-14.798642
5.089913,83.338754,6.336531
5.092912,83.311341,13.683129
5.094911,83.311341,24.099946
5.097911,83.338754,34.790891
5.100910,83.338754,36.326001
5.103908,83.229103,44.357916
5.106905,83.338754,48.195691
5.109904,83.311341,48.360167
5.112903,83.311341,54.500608
5.115901,83.311341,56.721035
5.118901,83.338754,62.011683
5.121901,83.256515,63.491968
5.124894,83.338754,66.342887
5.127891,83.311341,68.261775
5.129889,83.366166,70.893393
5.132901,83.311341,72.592980
5.135901,83.338754,73.387948
5.138902,83.311341,75.992153
5.141883,83.311341,77.801390
5.144882,83.283928,79.638040
5.147881,83.366166,81.118326
5.150880,83.338754,81.748818
5.153877,83.283928,81.419865
5.156875,83.338754,82.954976
5.159873,83.366166,83.612880
5.162872,83.366166,84.873864
5.165870,83.311341,85.668832
5.167869,83.366166,83.941833
5.170867,83.366166,82.543786
5.173865,83.338754,84.819039
5.176860,83.366166,83.146865
5.179862,83.338754,82.735674
5.182860,83.256515,86.134848
5.185858,83.311341,85.422118
5.188856,83.366166,84.873864
5.191854,83.338754,84.270785
5.194852,83.338754,83.640293
5.197850,83.338754,83.009801
5.200847,83.338754,85.038340
5.203846,83.338754,84.681975
5.205844,83.256515,84.627150
5.209841,83.338754,85.805896
5.211840,83.311341,85.696245
5.214839,83.311341,85.696245
5.217837,83.283928,85.120578
5.220834,83.366166,85.312467
5.223833,83.311341,84.106309
5.226831,83.311341,83.667706
5.230828,83.366166,83.530642
5.233826,83.311341,84.161134
5.236824,83.311341,82.872738
5.239823,83.283928,83.475817
5.242822,83.311341,82.434135
5.245819,83.338754,83.777357
5.248816,83.283928,84.928690
5.250817,83.311341,84.407848
5.253818,83.366166,83.283928
5.256815,83.338754,82.817912
5.259810,83.311341,81.447278
5.262811,83.311341,80.871611
5.265810,83.311341,82.543786
5.268808,83.283928,82.516373
5.271805,83.393579,81.995532
5.274803,83.283928,84.024071
5.277801,83.283928,83.229103
5.280798,83.311341,83.503230
5.283795,83.338754,84.627150
5.286794,83.338754,84.051483
5.288794,83.311341,84.654563
5.292791,83.338754,83.229103
5.295791,83.338754,82.050357
5.298790,83.338754,82.105182
5.301788,83.311341,81.447278
5.304785,83.283928,83.174277
5.307782,83.338754,82.022944
5.310779,83.311341,82.516373
5.313776,83.311341,82.488960
5.315777,83.311341,82.680849
5.318776,83.283928,83.448404
5.321777,83.311341,82.817912
5.324772,83.283928,82.434135
5.327770,83.338754,84.983515
5.330773,83.338754,82.324484
5.333776,83.338754,82.461547
5.336777,83.338754,82.379309
5.339777,83.338754,81.858468
5.342760,83.338754,82.735674
5.345777,83.283928,84.407848
5.348777,83.338754,83.503230
5.351758,83.311341,84.051483
5.354752,83.311341,84.517499
5.356755,83.256515,83.832182
5.359753,83.283928,83.667706
5.362751,83.338754,84.325610
5.365746,83.366166,82.461547
5.368749,83.283928,83.283928
5.371746,83.311341,81.447278
5.374745,83.283928,82.598611
5.377741,83.338754,83.311341
5.380742,83.283928,84.599737
5.383739,83.311341,82.845325
5.386737,83.338754,82.543786
5.389734,83.338754,84.161134
5.392733,83.283928,81.666579
5.395733,83.256515,84.188547
5.398729,83.338754,82.543786
5.401730,83.338754,81.858468
5.404726,83.338754,83.475817
5.406724,83.338754,82.297071
5.409723,83.311341,82.516373
5.412718,83.311341,83.969245
5.415719,83.338754,83.448404
5.418718,83.366166,83.503230
5.421718,83.311341,84.599737
5.424714,83.311341,83.749944
5.427715,83.338754,83.996658
5.430715,83.338754,84.654563
5.433715,83.283928,82.324484
5.436703,83.366166,83.201690
5.439716,83.366166,82.461547
5.442707,83.311341,81.776230
5.445697,83.283928,82.324484
5.448696,83.338754,81.721405
5.451715,83.311341,83.503230
5.454710,83.393579,82.735674
5.457690,83.283928,84.243372
5.460689,83.311341,84.572325
5.462691,83.338754,83.503230
5.465689,83.311341,84.928690
5.469686,83.311341,84.462674
5.472682,83.283928,85.504356
5.474681,83.311341,84.051483
5.477681,83.338754,85.614007
5.480680,83.338754,85.723658
5.483676,83.366166,85.614007
5.486678,83.283928,86.244499
5.489674,83.338754,86.189673
5.492672,83.338754,85.504356
5.495672,83.338754,85.778483
5.498668,83.283928,85.422118
5.501666,83.283928,84.819039
5.504665,83.311341,83.695118
5.507668,83.338754,82.845325
5.510658,83.283928,83.475817
5.513657,83.338754,82.900150
5.515656,83.338754,83.722531
5.518653,83.311341,84.133722
5.521654,83.311341,83.832182
5.524650,83.338754,84.654563
5.527652,83.311341,83.859595
5.530652,83.311341,83.777357
5.533647,83.311341,83.804769
5.536652,83.283928,83.475817
5.539652,83.256515,83.804769
5.542639,83.366166,84.024071
5.545652,83.366166,83.503230
5.548637,83.311341,83.393579
5.551636,83.256515,83.283928
5.554631,83.311341,83.393579
5.556653,83.311341,83.941833
5.559632,83.283928,83.640293
5.562630,83.338754,82.708262
5.565626,83.311341,83.448404
5.568628,83.366166,82.900150
5.571625,83.283928,82.022944
5.574621,83.338754,81.145738
5.577621,-83.302931,80.816786
5.580622,-83.220693,48.442405
5.583618,-83.248106,33.584733
5.586615,-83.248106,17.822443
5.589613,-83.220693,1.539313
5.592608,-83.248106,-10.357789
5.594613,-83.248106,-22.611255
5.597610,-83.220693,-29.546663
5.600605,-83.193280,-39.168512
5.603605,-83.220693,-43.938319
5.606603,-83.220693,-49.585331
5.609601,-83.220693,-55.040454
5.612600,-83.193280,-56.520739
5.615598,-83.248106,-62.222577
5.618596,-83.248106,-65.292797
5.621596,-83.165868,-68.637144
5.624590,-83.193280,-71.022048
5.627591,-83.220693,-72.776460
5.630591,-83.220693,-75.271014
5.633591,-83.248106,-75.928919
5.636582,-83.220693,-77.738156
5.639585,-83.165868,-78.697600
5.642578,-83.193280,-79.574806
5.645576,-83.193280,-80.726139
5.647575,-83.248106,-81.575932
5.650594,-83.220693,-81.850059
5.653592,-83.220693,-82.919154
5.656591,-83.220693,-83.330344
5.659568,-83.220693,-83.549645
5.662566,-83.193280,-83.604471
5.665569,-83.193280,-83.577058
5.668565,-83.193280,-82.645027
5.671562,-83.193280,-82.973979
5.674561,-83.248106,-81.932297
5.677561,-83.302931,-81.740408
5.680555,-83.220693,-82.562789
5.683554,-83.165868,-82.535376
5.685555,-83.220693,-83.275519
5.688555,-83.193280,-83.823772
5.691552,-83.275519,-84.426851
5.694548,-83.220693,-84.536502
5.697548,-83.248106,-85.194407
5.700546,-83.220693,-84.975105
5.703545,-83.165868,-84.207550
5.706543,-83.193280,-85.029931
5.709541,-83.193280,-83.960836
5.712538,-83.193280,-84.426851
5.715537,-83.165868,-84.070486
5.718536,-83.193280,-84.289788
5.721532,-83.248106,-84.125312
5.724528,-83.193280,-84.207550
5.727530,-83.220693,-84.234963
5.730528,-83.248106,-83.960836
5.733525,-83.193280,-83.823772
5.736522,-83.248106,-82.645027
5.739520,-83.220693,-82.288662
5.741518,-83.193280,-82.782090
5.744527,-83.165868,-82.864328
5.747527,-83.220693,-82.836916
5.750527,-83.220693,-82.151598
5.753513,-83.165868,-82.562789
5.756527,-83.220693,-82.809503
5.759527,-83.220693,-82.041948
5.762506,-83.165868,-83.385169
5.765505,-83.193280,-82.672439
5.768503,-83.193280,-83.028804
5.771500,-83.220693,-82.480551
5.774500,-83.193280,-81.575932
5.777505,-83.193280,-83.111042
5.780496,-83.165868,-82.316074
5.783500,-83.193280,-81.767821
5.788492,-83.220693,-82.562789
5.791490,-83.302931,-82.480551
5.795486,-83.193280,-82.069360
5.798486,-83.220693,-82.398313
5.801484,-83.220693,-81.192154
5.804482,-83.220693,-81.767821
5.808480,-83.302931,-81.466281
5.812478,-83.220693,-83.330344
5.815476,-83.193280,-83.248106
5.818473,-83.220693,-84.536502
5.822470,-83.193280,-84.207550
5.825469,-83.302931,-85.221819
5.828466,-83.193280,-84.646153
5.832465,-83.220693,-85.578184
5.834463,-83.193280,-84.454264
5.837461,-83.165868,-84.810629
5.841459,-83.220693,-84.426851
5.844457,-83.193280,-84.536502
5.847454,-83.220693,-84.536502
5.850453,-83.165868,-83.851185
5.853452,-83.193280,-83.851185
5.856450,-83.193280,-83.220693
5.859448,-83.193280,-83.796360
5.862445,-83.220693,-82.261249
5.865444,-83.138455,-82.617614
5.868442,-83.248106,-83.138455
5.871439,-83.220693,-82.973979
5.874438,-83.165868,-83.768947
5.877438,-83.248106,-83.741534
5.880435,-83.220693,-83.138455
5.883432,-83.220693,-83.686709
5.886430,-83.220693,-82.727265
5.889429,-83.220693,-82.425725
5.891428,-83.220693,-83.220693
5.894425,-83.248106,-82.699852
5.897424,-83.220693,-82.699852
5.900423,-83.220693,-83.906010
5.903420,-83.248106,-82.727265
5.906420,-83.248106,-82.645027
5.909418,-83.220693,-83.439995
5.912415,-83.165868,-81.959710
5.915414,-83.165868,-83.001392
5.919412,-83.220693,-82.891741
5.922410,-83.193280,-82.590201
5.926406,-83.138455,-83.275519
5.929406,-83.220693,-82.973979
5.932405,-83.220693,-83.988248
5.936401,-83.220693,-84.180137
5.939401,-83.165868,-84.372026
5.942397,-83.193280,-84.618740
5.946396,-83.220693,-84.755804
5.949394,-83.220693,-85.029931
5.953392,-83.165868,-84.591328
5.956388,-83.193280,-84.838042
5.959388,-83.165868,-84.509089
5.963384,-83.302931,-84.015661
5.965385,-83.193280,-83.138455
5.969382,-83.165868,-82.891741
5.972380,-83.220693,-81.822646
5.975379,-83.220693,-82.179011
5.978377,-83.220693,-81.137329
5.982374,-83.275519,-81.822646
5.985372,-83.193280,-80.452012
5.988370,-83.220693,-81.521107
5.991369,-83.248106,-81.630757
5.995366,-83.220693,-81.740408
5.998363,-83.248106,-81.712995
6.002362,-83.193280,-82.535376
6.005361,-83.220693,-82.836916
6.008358,-83.275519,-82.946566
6.012358,-83.220693,-83.083630
6.016353,-83.193280,-83.111042
6.019350,-83.302931,-83.385169
6.022359,-83.193280,-83.906010
6.025347,-83.138455,-84.180137
6.028345,-83.220693,-84.344613
6.031343,-83.248106,-84.015661
6.033346,-83.275519,-84.152725
6.036345,-83.193280,-84.015661
6.039342,-83.220693,-83.686709
6.042336,-83.220693,-83.193280
6.045344,-83.220693,-83.714122
6.048342,-83.275519,-83.659296
6.051342,-83.165868,-84.536502
6.054330,-83.165868,-84.563915
6.057346,-83.220693,-85.112169
6.060345,-83.275519,-85.139581
6.063342,-83.193280,-85.057343
6.066321,-83.193280,-85.029931
6.069320,-83.220693,-84.865454
6.071340,-83.220693,-84.563915
6.074319,-83.193280,-84.783216
6.077314,83.420992,-87.469660
6.080317,83.338754,-46.131333
6.083314,83.311341,-33.576326
6.086314,83.283928,-17.704386
6.089309,83.338754,4.417644
6.092309,83.366166,11.654590
6.095306,83.283928,24.237009
6.098306,83.338754,36.737191
6.101303,83.338754,39.862236
6.110294,83.311341,49.237373
6.113296,83.338754,61.107065
6.116294,83.366166,61.573080
6.119293,83.366166,68.810029
6.122291,83.311341,67.384569
6.125286,83.338754,70.564441
6.128287,83.311341,75.498725
6.131282,83.366166,73.881376
6.134284,83.338754,78.349644
6.136281,83.311341,78.541533
6.139281,83.366166,78.568946
6.142278,83.338754,82.406722
6.145281,83.311341,79.336501
6.148273,83.311341,78.157755
6.151279,83.311341,79.363914
6.154278,83.366166,78.267406
6.157280,83.311341,82.132595
6.160267,83.283928,81.090913
6.163278,83.338754,83.009801
6.166279,83.338754,83.393579
6.169280,83.338754,84.243372
6.172257,83.283928,84.490086
6.175257,83.283928,84.764213
6.178260,83.283928,84.846451
6.181257,83.311341,85.367293
6.184255,83.366166,85.476943
6.187249,83.366166,85.147991
6.190248,83.283928,84.517499
6.192248,83.311341,85.312467
6.195245,83.311341,85.394705
6.198246,83.366166,84.627150
6.201242,83.338754,86.710514
6.204241,83.311341,84.188547
6.207244,83.338754,84.517499
6.210238,83.311341,85.422118
6.213237,83.366166,83.914420
6.216234,83.338754,84.572325
6.219232,83.338754,84.901277
6.222229,83.366166,84.791626
6.224229,83.338754,84.243372
6.228224,83.338754,83.092039
6.230222,83.338754,82.900150
6.233223,83.338754,83.887007
6.236221,83.366166,83.640293
6.239221,83.283928,84.435261
6.242222,83.366166,85.285055
6.245214,83.338754,84.462674
6.248217,83.256515,85.038340
6.251218,83.338754,84.380436
6.254209,83.283928,84.380436
6.257209,83.311341,84.078896
6.260223,83.311341,83.503230
6.263221,83.311341,83.393579
6.266202,83.366166,83.475817
6.269203,83.338754,83.229103
6.272200,83.338754,82.708262
6.275195,83.338754,83.229103
6.278193,83.338754,82.434135
6.281191,83.366166,83.695118
6.283193,83.338754,84.681975
6.286192,83.229103,84.270785
6.289187,83.366166,84.435261
6.292185,83.311341,83.585468
6.295187,83.338754,81.227976
6.298184,83.311341,81.940706
6.302182,83.366166,81.090913
6.305177,83.338754,82.022944
6.308175,83.366166,82.790500
6.310177,83.338754,83.092039
6.313173,83.338754,83.530642
6.316174,83.311341,83.695118
6.319171,83.338754,83.640293
6.322169,83.338754,83.996658
6.325168,83.338754,83.722531
6.328166,83.311341,82.790500
6.331164,83.338754,83.092039
6.334162,83.338754,81.200564
6.337158,83.311341,81.748818
6.340158,83.366166,82.817912
6.343156,83.338754,82.735674
6.346153,83.283928,82.680849
6.349150,83.338754,84.462674
6.351154,83.311341,84.928690
6.354154,83.311341,85.230229
6.357153,83.311341,84.627150
6.360143,83.311341,82.434135
6.363154,83.283928,85.504356
6.366154,83.311341,83.201690
6.369154,83.366166,82.160008
6.372138,83.283928,82.708262
6.375137,83.256515,82.324484
6.378153,83.311341,81.447278
6.381134,83.366166,83.558055
6.384132,83.311341,82.708262
6.387128,83.283928,83.475817
6.389130,83.338754,83.996658
6.392126,83.283928,83.009801
6.395123,83.366166,82.488960
6.398123,83.338754,84.078896
6.401124,83.283928,83.393579
6.404121,83.366166,83.530642
6.407124,83.311341,82.927563
6.410118,83.366166,82.160008
6.413114,83.311341,83.393579
6.416113,83.338754,84.215960
6.419112,83.311341,82.488960
6.422109,83.366166,82.954976
6.425107,83.311341,82.351897
6.428105,83.338754,83.338754
6.431105,83.338754,82.160008
6.434102,83.311341,82.680849
6.437097,83.256515,81.995532
6.440095,83.311341,80.899024
6.443094,83.311341,80.926437
6.446093,83.283928,80.487834
6.449090,83.283928,81.584341
6.451089,83.338754,82.571198
6.454088,83.338754,82.434135
6.457086,83.311341,83.859595
6.460084,83.338754,83.749944
6.463082,83.283928,83.420992
6.466080,83.283928,84.353023
6.469078,83.338754,83.722531
6.472077,83.311341,84.133722
6.475075,83.311341,83.996658
6.478073,83.311341,82.708262
6.481071,83.338754,83.256515
6.484069,83.311341,82.488960
6.487068,83.338754,82.598611
6.490065,83.338754,85.367293
6.493063,83.393579,85.038340
6.496064,83.366166,84.435261
6.499062,83.311341,84.106309
6.502058,83.338754,83.201690
6.505056,83.311341,84.161134
6.507058,83.338754,83.914420
6.510057,83.256515,82.379309
6.513052,83.311341,82.954976
6.516054,83.311341,83.749944
6.519050,83.338754,84.380436
6.522048,83.256515,85.559181
6.525054,83.311341,85.010928
6.528043,83.311341,85.175404
6.531040,83.311341,85.394705
6.534038,83.311341,84.983515
6.537057,83.311341,85.038340
6.540042,83.311341,84.325610
6.543033,83.283928,83.503230
6.545044,83.338754,83.092039
6.548031,83.311341,83.914420
6.552028,83.311341,83.777357
6.555026,83.311341,84.764213
6.558023,83.338754,83.612880
6.561021,83.311341,84.873864
6.564021,83.338754,84.133722
6.567019,83.311341,84.983515
6.570016,83.311341,84.215960
6.573014,83.338754,84.517499
6.576014,-83.412582,83.887007
6.579012,-83.302931,41.671473
6.582010,-83.248106,34.571589
6.586006,-83.302931,2.909947
6.588006,-83.275519,0.991059
6.591005,-83.248106,-13.756961
6.594003,-83.220693,-27.298823
6.597002,-83.220693,-26.832807
6.599998,-83.248106,-41.279289
6.603002,-83.220693,-46.981126
6.605995,-83.220693,-46.789237
6.608994,-83.248106,-58.192912
6.611993,-83.193280,-58.055849
6.614994,-83.275519,-60.961593
6.617991,-83.193280,-67.951827
6.620990,-83.220693,-66.800495
6.623986,-83.220693,-70.802746
6.626988,-83.275519,-73.297301
6.629983,-83.165868,-72.913523
6.632981,-83.165868,-75.764442
6.635979,-83.138455,-74.092269
6.638975,-83.248106,-76.477172
6.641973,-83.165868,-78.176759
6.643973,-83.193280,-77.464029
6.646974,-83.193280,-80.808377
6.649971,-83.248106,-81.301805
6.652966,-83.220693,-82.041948
6.655969,-83.165868,-84.426851
6.658963,-83.220693,-83.577058
6.661963,-83.248106,-84.783216
6.664962,-83.193280,-85.194407
6.667960,-83.193280,-84.234963
6.670960,-83.220693,-85.057343
6.673958,-83.220693,-84.975105
6.676954,-83.248106,-84.399439
6.679949,-83.220693,-84.838042
6.681951,-83.193280,-84.591328
6.684949,-83.193280,-84.618740
6.687945,-83.165868,-84.920280
6.690946,-83.220693,-84.755804
6.693946,-83.165868,-84.920280
6.696944,-83.220693,-84.454264
6.699942,-83.193280,-83.385169
6.702940,-83.193280,-83.412582
6.705938,-83.193280,-83.330344
6.708933,-83.248106,-83.330344
6.711935,-83.193280,-83.165868
6.714931,-83.220693,-82.946566
6.717927,-83.193280,-82.672439
6.719929,-83.248106,-83.494820
6.722923,-83.193280,-82.809503
6.725922,-83.165868,-83.028804
6.728923,-83.193280,-83.138455
6.731922,-83.193280,-82.699852
6.734920,-83.220693,-83.302931
6.737917,-83.248106,-82.864328
6.740916,-83.220693,-82.507963
6.743914,-83.193280,-83.193280
6.746912,-83.220693,-82.645027
6.749910,-83.220693,-82.507963
6.752908,-83.193280,-83.111042
6.755905,-83.193280,-82.261249
6.757904,-83.193280,-83.165868
6.761901,-83.193280,-81.932297
6.763905,-83.165868,-81.384043
6.766905,-83.165868,-81.164742
6.769896,-83.193280,-80.506837
6.772905,-83.165868,-81.712995
6.775893,-83.275519,-82.480551
6.778905,-83.193280,-83.193280
6.781888,-83.165868,-84.180137
6.784889,-83.193280,-83.768947
6.787887,-83.193280,-84.700978
6.790885,-83.248106,-84.646153
6.793884,-83.165868,-84.673566
6.796882,-83.165868,-85.523359
6.799879,-83.248106,-84.426851
6.801879,-83.193280,-84.673566
6.804874,-83.220693,-84.920280
6.807875,-83.275519,-84.070486
6.810874,-83.193280,-84.700978
6.813871,-83.220693,-84.372026
6.816870,-83.220693,-83.522233
6.819870,-83.248106,-83.906010
6.822866,-83.193280,-83.604471
6.825862,-83.220693,-82.151598
6.828863,-83.220693,-82.782090
6.831863,-83.220693,-82.480551
6.834859,-83.193280,-83.001392
6.837854,-83.248106,-83.906010
6.839853,-83.248106,-83.193280
6.842869,-83.165868,-84.097899
6.845849,-83.193280,-83.878598
6.848850,-83.220693,-83.248106
6.851849,-83.248106,-82.754677
6.854846,-83.165868,-84.097899
6.857845,-83.193280,-83.083630
6.860843,-83.220693,-83.330344
6.863847,-83.220693,-83.604471
6.866847,-83.138455,-83.028804
6.869841,-83.193280,-83.494820
6.872842,-83.193280,-83.111042
6.875831,-83.220693,-82.425725
6.877848,-83.220693,-83.001392
6.880844,-83.193280,-82.617614
6.883844,-83.220693,-82.946566
6.886826,-83.165868,-83.056217
6.889838,-83.248106,-82.672439
6.892821,-83.220693,-83.028804
6.895822,-83.193280,-83.385169
6.898820,-83.248106,-83.494820
6.901818,-83.220693,-84.097899
6.904817,-83.193280,-83.933423
6.907815,-83.248106,-84.180137
6.910810,-83.248106,-84.481677
6.913808,-83.165868,-84.426851
6.916806,-83.193280,-84.509089
6.918808,-83.275519,-84.536502
6.921803,-83.220693,-83.960836
6.924805,-83.165868,-84.207550
6.927802,-83.220693,-83.659296
6.930801,-83.248106,-83.001392
6.933799,-83.165868,-82.864328
6.936797,-83.193280,-82.261249
6.939795,-83.248106,-82.617614
6.942791,-83.193280,-81.795233
6.945791,-83.220693,-81.438868
6.948790,-83.193280,-81.850059
6.951787,-83.248106,-80.945440
6.954785,-83.220693,-82.014535
6.956783,-83.220693,-82.206424
6.959784,-83.193280,-82.124186
6.962781,-83.193280,-81.822646
6.965780,-83.220693,-82.672439
6.968780,-83.275519,-83.165868
6.971780,-83.220693,-82.973979
6.974781,-83.220693,-82.973979
6.977781,-83.193280,-82.946566
6.980767,-83.193280,-83.083630
6.983766,-83.220693,-82.864328
6.986763,-83.193280,-83.851185
6.989761,-83.220693,-83.768947
6.992760,-83.248106,-83.796360
6.994760,-83.193280,-84.125312
6.997758,-83.220693,-83.494820
7.000757,-83.275519,-83.686709
7.003754,-83.220693,-83.631883
7.006751,-83.193280,-82.562789
7.009751,-83.193280,-83.577058
7.012750,-83.193280,-83.412582
7.015747,-83.220693,-84.207550
7.018745,-83.220693,-84.618740
7.021742,-83.275519,-84.783216
7.024741,-83.220693,-84.591328
7.027740,-83.220693,-84.975105
7.030740,-83.220693,-84.591328
7.032736,-83.165868,-84.481677
7.035735,-83.193280,-84.591328
7.038733,-83.248106,-83.988248
7.041737,-83.220693,-84.234963
7.044734,-83.193280,-83.851185
7.047740,-83.220693,-83.056217
7.050725,-83.220693,-82.836916
7.053727,-83.193280,-82.973979
7.056725,-83.138455,-82.233836
7.059722,-83.248106,-82.069360
7.062725,-83.220693,-82.014535
7.065719,-83.193280,-81.987122
7.068721,-83.275519,-81.959710
7.071712,-83.220693,-81.658170
7.074711,-83.220693,-81.384043
7.076717,83.366166,-84.947692
7.079719,83.311341,-43.444890
7.082726,83.311341,-31.026947
7.085704,83.311341,-16.717530
7.088703,83.283928,5.322262
7.091702,83.311341,11.325638
7.094699,83.283928,24.703025
7.097697,83.283928,34.845716
7.100696,83.338754,37.696635
7.103697,83.283928,47.318485
7.106694,83.311341,50.470944
7.109689,83.311341,52.828434
7.112688,83.311341,58.859224
7.114689,83.338754,60.229859
7.117689,83.311341,61.874620
7.120686,83.338754,66.918554
7.123684,83.311341,67.411982
7.126680,83.311341,70.728917
7.129680,83.256515,73.771725
7.132677,83.338754,73.607249
7.135677,83.311341,77.143486
7.138674,83.338754,78.157755
7.141673,83.311341,78.541533
7.144686,83.311341,80.761961
7.147666,83.366166,80.570072
7.151666,83.311341,81.227976
7.154665,83.283928,82.132595
7.157661,83.393579,81.145738
7.160660,83.311341,81.639167
7.163658,83.283928,81.310214
7.166654,83.338754,82.680849
7.169654,83.338754,83.667706
7.172652,83.338754,83.064627
7.175650,83.311341,84.024071
7.178649,83.338754,84.544912
7.180648,83.366166,82.680849
7.183646,83.311341,83.009801
7.186654,83.283928,81.200564
7.189641,83.366166,80.570072
7.192641,83.366166,81.721405
7.195638,83.311341,82.324484
7.198637,83.311341,82.516373
7.201634,83.338754,84.819039
7.204633,83.283928,83.530642
7.207631,83.311341,84.873864
7.210629,83.311341,85.476943
7.213631,83.283928,84.846451
7.216643,83.283928,85.559181
7.219622,83.338754,85.586594
7.222621,83.311341,84.846451
7.224623,83.311341,84.764213
7.227620,83.283928,84.325610
7.230620,83.338754,83.530642
7.233617,83.283928,83.695118
7.236617,83.338754,82.653436
7.239612,83.256515,84.901277
7.242612,83.311341,82.461547
7.245608,83.283928,82.379309
7.248609,83.366166,83.558055
7.251608,83.311341,82.845325
7.254605,83.338754,83.064627
7.257604,83.311341,84.544912
7.260598,83.338754,83.475817
7.262598,83.338754,84.325610
7.265597,83.311341,83.064627
7.269596,83.338754,83.941833
7.272591,83.311341,83.859595
7.274593,83.311341,83.393579
7.277594,83.283928,85.449531
7.280586,83.366166,84.435261
7.283595,83.283928,84.846451
7.286582,83.283928,85.504356
7.289598,83.311341,84.490086
7.292580,83.338754,84.544912
7.296576,83.283928,83.832182
7.299592,83.283928,83.667706
7.302593,83.283928,83.174277
7.305573,83.338754,83.640293
7.308572,83.311341,83.146865
7.311567,83.311341,83.009801
7.314566,83.311341,83.146865
7.316567,83.311341,82.543786
7.319562,83.338754,83.448404
7.322564,83.283928,83.941833
7.325562,83.311341,84.435261
7.328561,83.366166,83.448404
7.331558,83.338754,81.940706
7.334557,83.311341,82.187421
7.337554,83.338754,82.735674
7.340553,83.311341,82.900150
7.343549,83.311341,82.845325
7.346549,83.338754,83.201690
7.349545,83.338754,83.585468
7.352542,83.283928,83.612880
7.354542,83.338754,83.503230
7.357543,83.311341,83.969245
7.360540,83.311341,83.832182
7.363538,83.338754,83.777357
7.366534,83.338754,83.393579
7.369535,83.256515,82.872738
7.372533,83.229103,82.132595
7.375531,83.338754,81.529516
7.378527,83.311341,82.680849
7.381531,83.338754,82.324484
7.384531,83.311341,82.461547
7.387521,83.338754,83.667706
7.390519,83.338754,84.353023
7.392531,83.311341,84.024071
7.396515,83.366166,84.681975
7.399531,83.283928,84.106309
7.402514,83.338754,84.956102
7.405513,83.311341,82.050357
7.408509,83.393579,83.777357
7.410511,83.338754,83.585468
7.414504,83.311341,80.515246
7.417506,83.311341,84.243372
7.420501,83.311341,81.776230
7.423500,83.338754,83.914420
7.426498,83.283928,82.488960
7.429498,83.338754,83.914420
7.432494,83.338754,84.243372
7.435493,83.311341,81.940706
7.437490,83.338754,83.448404
7.440494,83.311341,83.475817
7.443492,83.256515,80.652310
7.446488,83.311341,82.516373
7.449484,83.283928,82.598611
7.452487,83.311341,82.708262
7.455485,83.283928,83.338754
7.458481,83.338754,82.351897
7.461479,83.311341,82.571198
7.464479,83.338754,81.529516
7.467477,83.366166,81.310214
7.470473,83.338754,79.692866
7.473469,83.311341,80.460421
7.476468,83.311341,79.583215
7.479473,83.311341,79.994405
7.482470,83.311341,80.707135
7.485462,83.338754,80.460421
7.488465,83.338754,82.022944
7.491470,83.283928,82.708262
7.494472,83.311341,82.379309
7.497454,83.311341,84.215960
7.500453,83.311341,83.777357
7.502470,83.311341,84.435261
7.505469,83.283928,84.490086
7.508447,83.338754,83.612880
7.511452,83.283928,83.969245
7.516442,83.311341,83.612880
7.519441,83.338754,82.187421
7.522442,83.283928,82.543786
7.525441,83.311341,83.585468
7.528436,83.338754,83.996658
7.530434,83.338754,85.723658
7.534433,83.256515,83.859595
7.537433,83.311341,83.558055
7.540429,83.366166,82.626024
7.543427,83.311341,82.954976
7.545428,83.338754,83.119452
7.548426,83.338754,82.077770
7.552424,83.311341,83.804769
7.555419,83.311341,83.009801
7.557422,83.338754,84.407848
7.560418,83.311341,84.298198
7.563418,83.283928,84.270785
7.566413,83.311341,85.668832
7.569414,83.366166,84.599737
7.572412,83.311341,85.120578
7.575411,-83.385169,85.476943
7.578409,-83.248106,50.032341
7.581407,-83.275519,33.804034
7.584407,-83.248106,17.438665
7.587401,-83.275519,0.497631
7.590402,-83.248106,-11.618772
7.593405,-83.248106,-22.282303
7.596396,-83.193280,-32.507232
7.599392,-83.193280,-38.483196
7.601393,-83.193280,-45.583079
7.604407,-83.220693,-49.777219
7.607407,-83.220693,-54.382550
7.610389,-83.248106,-58.357388
7.613386,-83.193280,-62.524116
7.616385,-83.248106,-65.292797
7.619383,-83.193280,-68.500081
7.622382,-83.248106,-70.720508
7.625380,-83.248106,-71.542889
7.628378,-83.220693,-73.735904
7.631377,-83.248106,-74.914649
7.634374,-83.165868,-75.682204
7.636371,-83.193280,-77.710743
7.639371,-83.193280,-77.957457
7.642369,-83.220693,-80.506837
7.645366,-83.275519,-81.274392
7.648364,-83.248106,-81.575932
7.651365,-83.220693,-83.823772
7.654364,-83.193280,-83.111042
7.657358,-83.248106,-84.097899
7.660357,-83.275519,-83.083630
7.663359,-83.220693,-82.535376
7.666357,-83.220693,-83.248106
7.669353,-83.220693,-84.015661
7.672351,-83.138455,-82.836916
7.675347,-83.220693,-82.919154
7.677349,-83.193280,-83.220693
7.680349,-83.220693,-82.480551
7.683343,-83.193280,-84.180137
7.686349,-83.220693,-83.083630
7.689347,-83.248106,-83.494820
7.692346,-83.220693,-83.988248
7.695336,-83.165868,-82.919154
7.698346,-83.220693,-83.686709
7.701350,-83.248106,-83.549645
7.704332,-83.220693,-83.028804
7.707331,-83.220693,-84.289788
7.710326,-83.248106,-83.768947
7.713324,-83.165868,-83.796360
7.715344,-83.138455,-84.152725
7.718321,-83.220693,-83.878598
7.721323,-83.220693,-83.714122
7.724321,-83.138455,-83.083630
7.727319,-83.220693,-82.699852
7.730317,-83.275519,-82.398313
7.733315,-83.220693,-82.727265
7.736313,-83.220693,-82.069360
7.739313,-83.220693,-84.262375
7.742309,-83.248106,-83.768947
7.745307,-83.220693,-84.344613
7.748303,-83.220693,-84.700978
7.751301,-83.165868,-84.399439
7.754298,-83.220693,-85.029931
7.757298,-83.220693,-84.673566
7.760296,-83.193280,-84.892867
7.763293,-83.220693,-84.810629
7.766292,-83.248106,-84.399439
7.768291,-83.193280,-84.838042
7.771289,-83.220693,-84.509089
7.774288,-83.193280,-84.015661
7.777287,-83.165868,-84.536502
7.780284,-83.165868,-83.878598
7.783282,-83.220693,-83.851185
7.786279,-83.165868,-83.138455
7.789278,-83.165868,-82.480551
7.792277,-83.248106,-83.028804
7.795273,-83.275519,-83.357757
7.798274,-83.138455,-83.494820
7.801285,-83.330344,-83.878598
7.804270,-83.193280,-83.741534
7.806283,-83.165868,-83.302931
7.809284,-83.193280,-83.111042
7.812265,-83.248106,-82.672439
7.815282,-83.193280,-83.330344
7.818264,-83.220693,-82.782090
7.821260,-83.248106,-83.494820
7.824259,-83.220693,-82.891741
7.827259,-83.193280,-83.412582
7.830256,-83.193280,-83.220693
7.833254,-83.248106,-82.782090
7.836252,-83.220693,-83.220693
7.839251,-83.165868,-82.727265
7.842249,-83.220693,-82.727265
7.845243,-83.193280,-82.891741
7.848242,-83.220693,-82.919154
7.850246,-83.193280,-83.138455
7.853240,-83.193280,-82.562789
7.856238,-83.138455,-83.686709
7.859237,-83.220693,-83.165868
7.862234,-83.220693,-83.686709
7.865232,-83.220693,-84.152725
7.868231,-83.248106,-83.988248
7.871228,-83.193280,-84.426851
7.874226,-83.165868,-84.509089
7.877224,-83.193280,-84.372026
7.880222,-83.220693,-84.372026
7.882222,-83.220693,-84.207550
7.886218,-83.193280,-83.686709
7.888220,-83.165868,-83.631883
7.891218,-83.220693,-82.809503
7.894215,-83.193280,-82.316074
7.897213,-83.193280,-82.590201
7.900221,-83.248106,-81.712995
7.903222,-83.193280,-81.301805
7.906208,-83.193280,-81.767821
7.909210,-83.220693,-81.109916
7.912222,-83.193280,-81.192154
7.915205,-83.138455,-81.603345
7.918201,-83.220693,-81.767821
7.921201,-83.248106,-82.507963
7.924196,-83.248106,-82.179011
7.926199,-83.248106,-82.699852
7.929194,-83.248106,-83.138455
7.932197,-83.165868,-83.330344
7.935194,-83.193280,-83.193280
7.938191,-83.193280,-83.165868
7.941189,-83.220693,-82.343487
7.944186,-83.193280,-82.782090
7.947185,-83.193280,-83.659296
7.950183,-83.220693,-83.165868
7.953179,-83.193280,-84.289788
7.956178,-83.193280,-83.906010
7.959176,-83.165868,-83.686709
7.962173,-83.220693,-84.289788
7.965171,-83.248106,-83.549645
7.967173,-83.193280,-83.522233
7.970171,-83.193280,-83.248106
7.973169,-83.248106,-83.522233
7.976165,-83.193280,-84.399439
7.979166,-83.193280,-84.591328
7.982164,-83.193280,-84.865454
7.985162,-83.220693,-85.166994
7.989158,-83.193280,-84.892867
7.991158,-83.193280,-84.920280
7.995152,-83.220693,-84.591328
7.997158,-83.220693,-84.536502
8.000157,-83.193280,-84.399439
8.003158,-83.193280,-83.933423
8.006157,-83.220693,-83.549645
8.009158,-83.193280,-83.028804
8.012142,-83.165868,-82.590201
8.015158,-83.220693,-82.590201
8.018157,-83.248106,-82.562789
8.021140,-83.248106,-81.795233
8.024158,-83.248106,-82.151598
8.027134,-83.220693,-82.014535
8.029135,-83.220693,-81.904884
8.032130,-83.165868,-82.041948
8.035129,-83.220693,-81.329218
8.039126,-83.193280,-82.096773
8.042127,-83.165868,-82.398313
8.045122,-83.193280,-83.193280
8.047125,-83.220693,-82.453138
8.050124,-83.165868,-83.193280
8.053121,-83.220693,-83.001392
8.056119,-83.248106,-82.782090
8.059117,-83.220693,-83.220693
8.062117,-83.193280,-83.248106
8.065114,-83.220693,-82.754677
8.068113,-83.220693,-83.138455
8.071109,-83.248106,-83.467407
8.074108,-83.193280,-84.015661
8.077104,83.448404,-87.222946
8.080105,83.338754,-42.924049
8.083104,83.338754,-29.080647
8.086098,83.283928,-12.715279
8.088100,83.338754,8.858497
8.091100,83.338754,11.709416
8.094095,83.366166,26.786388
8.097094,83.366166,35.914810
8.100098,83.338754,37.175794
8.103094,83.338754,48.716532
8.106090,83.338754,50.114579
8.109103,83.311341,53.129974
8.112102,83.311341,60.668462
8.115100,83.283928,58.612510
8.118080,83.311341,62.368048
8.121077,83.311341,65.767221
8.124075,83.366166,64.835190
8.126095,83.338754,69.001918
8.129074,83.311341,71.085282
8.132071,83.338754,72.236615
8.136068,83.256515,76.238867
8.138070,83.311341,77.225724
8.141068,83.283928,79.555802
8.144064,83.283928,78.733422
8.147064,83.283928,80.871611
8.150062,83.311341,81.666579
8.153060,83.338754,81.063500
8.156058,83.256515,82.872738
8.159057,83.311341,81.639167
8.162054,83.311341,82.406722
8.165053,83.338754,82.954976
8.168051,83.311341,83.201690
8.171049,83.338754,84.270785
8.174045,83.338754,84.709388
8.176045,83.283928,85.147991
8.179045,83.393579,85.915546
8.182042,83.338754,85.065753
8.185049,83.311341,85.723658
8.189039,83.283928,84.435261
8.192037,83.338754,84.928690
8.195035,83.338754,84.024071
8.198033,83.366166,83.914420
8.201028,83.338754,83.530642
8.203033,83.311341,82.543786
8.207025,83.311341,83.804769
8.209042,83.311341,84.161134
8.212023,83.366166,83.475817
8.215034,83.366166,84.298198
8.218033,83.283928,83.558055
8.221042,83.283928,82.543786
8.224014,83.311341,82.379309
8.227014,83.311341,80.104056
8.230013,83.283928,80.597485
8.233012,83.311341,80.378183
8.236010,83.338754,80.816786
8.239008,83.311341,82.022944
8.242004,83.338754,81.282802
8.245003,83.338754,82.927563
8.247002,83.311341,83.201690
8.250004,83.283928,83.009801
8.253001,83.366166,83.859595
8.256001,83.338754,83.667706
8.258996,83.256515,84.407848
8.261994,83.311341,84.298198
8.264992,83.311341,83.804769
8.267992,83.311341,84.161134
8.270988,83.311341,82.845325
8.273986,83.338754,83.612880
8.276985,83.311341,83.640293
8.279982,83.311341,83.503230
8.282978,83.311341,83.393579
8.285979,83.311341,83.037214
8.288978,83.311341,83.503230
8.291975,83.311341,84.051483
8.294977,83.311341,82.817912
8.297973,83.366166,85.339880
8.300972,83.311341,84.133722
8.303969,83.311341,84.709388
8.306964,83.311341,84.133722
8.309962,83.338754,83.503230
8.311964,83.311341,84.051483
8.314962,83.338754,84.435261
8.317961,83.283928,83.941833
8.320958,83.366166,84.353023
8.323956,83.311341,84.709388
8.326952,83.338754,84.407848
8.329949,83.338754,84.051483
8.332948,83.338754,83.804769
8.335947,83.311341,83.393579
8.338945,83.311341,82.927563
8.341944,83.338754,82.900150
8.344941,83.338754,82.543786
8.348938,83.283928,83.503230
8.352938,83.311341,83.256515
8.356937,83.311341,83.283928
8.360934,83.283928,84.599737
8.364932,83.311341,84.983515
8.368929,83.338754,83.804769
8.372927,83.338754,81.831056
8.376922,83.311341,82.187421
8.379919,83.311341,82.022944
8.382920,83.311341,82.571198
8.385918,83.366166,82.708262
8.388914,83.256515,83.283928
8.391913,83.311341,83.667706
8.394914,83.256515,83.612880
8.397911,83.256515,84.215960
8.400906,83.338754,83.503230
8.403907,83.311341,83.914420
8.406904,83.366166,83.640293
8.409902,83.311341,82.954976
8.412904,83.338754,82.680849
8.415900,83.338754,81.968119
8.418897,83.393579,82.543786
8.421895,83.366166,81.913294
8.423895,83.283928,82.598611
8.426894,83.338754,82.297071
8.429892,83.338754,82.160008
8.432890,83.283928,85.312467
8.435890,83.311341,83.640293
8.438887,83.366166,84.928690
8.441885,83.311341,85.202816
8.444883,83.283928,82.845325
8.447882,83.311341,84.956102
8.450880,83.338754,83.119452
8.453877,83.311341,82.050357
8.456876,83.311341,84.078896
8.459871,83.311341,82.735674
8.461874,83.338754,83.640293
8.464871,83.283928,84.243372
8.467869,83.311341,83.146865
8.470866,83.366166,83.914420
8.473866,83.338754,83.804769
8.476864,83.311341,82.379309
8.479862,83.338754,83.366166
8.482859,83.338754,81.858468
8.486863,83.311341,81.913294
8.488857,83.283928,81.666579
8.491855,83.366166,83.667706
8.495852,83.366166,83.969245
8.498849,83.338754,84.298198
8.501846,83.366166,84.188547
8.503848,83.338754,83.667706
8.506844,83.366166,83.420992
8.514840,83.338754,81.748818
8.517837,83.338754,83.119452
8.521833,83.283928,82.379309
8.524832,83.338754,83.612880
8.526848,83.338754,83.393579
8.529830,83.338754,84.106309
8.532828,83.366166,84.709388
8.535826,83.311341,84.106309
8.538824,83.256515,84.599737
8.541821,83.338754,84.407848
8.544823,83.311341,84.325610
8.547822,83.311341,84.517499
8.550819,83.338754,84.024071
8.553817,83.283928,83.585468
8.556815,83.338754,82.927563
8.559815,83.338754,82.927563
8.562812,83.311341,81.639167
8.565810,83.338754,83.503230
8.568808,83.338754,83.338754
8.571806,83.283928,84.435261
8.574802,83.366166,84.654563
8.576801,-83.330344,83.695118
8.580799,-83.275519,49.758214
8.583800,-83.193280,31.473956
8.586794,-83.248106,9.077799
8.589793,-83.275519,-4.491476
8.592794,-83.165868,-18.389703
8.595794,-83.193280,-27.792251
8.598790,-83.193280,-35.440388
8.601789,-83.248106,-43.362652
8.604786,-83.220693,-48.625887
8.607783,-83.193280,-54.081010
8.610780,-83.248106,-58.110674
8.613780,-83.248106,-61.646910
8.616776,-83.248106,-65.155734
8.618776,-83.275519,-67.321336
8.622772,-83.248106,-69.706239
8.625785,-83.193280,-70.528620
8.628771,-83.220693,-71.981492
8.630785,-83.220693,-73.927793
8.634766,-83.248106,-74.613110
8.636765,-83.138455,-75.106538
8.639765,-83.220693,-75.024300
8.642765,-83.193280,-75.819268
8.645761,-83.138455,-76.998013
8.648761,-83.220693,-77.655918
8.651758,-83.193280,-78.889489
8.654757,-83.193280,-79.081377
8.657754,-83.193280,-79.931171
8.660751,-83.193280,-81.219567
8.663751,-83.248106,-81.301805
8.666750,-83.220693,-82.316074
8.669748,-83.220693,-82.480551
8.672744,-83.220693,-83.467407
8.675743,-83.248106,-83.604471
8.678743,-83.248106,-83.796360
8.681740,-83.111042,-84.454264
8.684736,-83.193280,-84.673566
8.686738,-83.193280,-84.920280
8.689737,-83.193280,-84.700978
8.692735,-83.220693,-84.125312
8.696727,-83.193280,-83.714122
8.699726,-83.220693,-83.248106
8.701726,-83.220693,-83.111042
8.704724,-83.220693,-84.618740
8.707722,-83.275519,-84.838042
8.710721,-83.220693,-85.057343
8.713719,-83.220693,-85.358883
8.716718,-83.220693,-85.249232
8.719715,-83.275519,-85.413708
8.722713,-83.193280,-85.523359
8.725712,-83.193280,-85.139581
8.728710,-83.275519,-84.728391
8.731709,-83.193280,-85.304057
8.734704,-83.248106,-84.426851
8.737702,-83.220693,-84.591328
8.739702,-83.193280,-84.372026
8.742700,-83.138455,-84.180137
8.745698,-83.193280,-83.933423
8.748697,-83.248106,-84.097899
8.751695,-83.193280,-83.796360
8.754694,-83.275519,-82.891741
8.757690,-83.248106,-82.973979
8.760693,-83.193280,-83.056217
8.763690,-83.138455,-83.385169
8.766688,-83.220693,-83.933423
8.769695,-83.165868,-83.494820
8.772685,-83.165868,-83.330344
8.775680,-83.220693,-82.864328
8.777679,-83.248106,-81.932297
8.780679,-83.193280,-81.904884
8.783678,-83.193280,-82.699852
8.786676,-83.275519,-82.480551
8.789674,-83.220693,-82.809503
8.792671,-83.248106,-83.083630
8.795671,-83.193280,-82.891741
8.798669,-83.193280,-82.919154
8.801667,-83.248106,-83.275519
8.804668,-83.220693,-82.261249
8.807663,-83.165868,-82.919154
8.810660,-83.165868,-82.864328
8.813657,-83.193280,-83.220693
8.815658,-83.220693,-82.809503
8.818655,-83.165868,-82.891741
8.821653,-83.302931,-83.220693
8.824652,-83.193280,-83.467407
8.827649,-83.165868,-84.152725
8.830648,-83.248106,-84.234963
8.833645,-83.165868,-84.317201
8.836644,-83.220693,-84.920280
8.839643,-83.220693,-84.755804
8.842641,-83.165868,-85.029931
8.845638,-83.302931,-84.865454
8.848637,-83.275519,-84.646153
8.851635,-83.193280,-84.317201
8.853633,-83.193280,-84.207550
8.856632,-83.193280,-83.796360
8.859630,-83.165868,-82.233836
8.862629,-83.193280,-82.590201
8.865630,-83.193280,-81.822646
8.868627,-83.248106,-81.548519
8.871624,-83.220693,-81.274392
8.874622,-83.302931,-81.137329
8.877622,-83.193280,-81.192154
8.880620,-83.220693,-81.438868
8.883618,-83.193280,-81.822646
8.886616,-83.193280,-82.179011
8.889614,-83.220693,-82.151598
8.892611,-83.193280,-82.727265
8.895608,-83.193280,-83.193280
8.897607,-83.220693,-83.275519
8.900607,-83.193280,-83.220693
8.903605,-83.165868,-83.001392
8.906605,-83.248106,-82.617614
8.909602,-83.193280,-82.973979
8.912602,-83.193280,-83.111042
8.915596,-83.220693,-83.851185
8.918594,-83.220693,-84.125312
8.921593,-83.193280,-83.906010
8.924590,-83.193280,-84.317201
8.927588,-83.220693,-83.960836
8.930587,-83.220693,-83.823772
8.933585,-83.193280,-83.933423
8.935605,-83.220693,-82.864328
8.938601,-83.220693,-83.823772
8.941599,-83.220693,-84.070486
8.944578,-83.193280,-84.317201
8.947599,-83.220693,-85.249232
8.950578,-83.220693,-84.783216
8.953575,-83.165868,-85.249232
8.956573,-83.220693,-84.975105
8.959574,-83.248106,-84.838042
8.962567,-83.165868,-84.838042
8.965568,-83.220693,-84.591328
8.968564,-83.193280,-84.207550
8.971561,-83.220693,-83.768947
8.973563,-83.193280,-83.851185
8.977561,-83.220693,-82.672439
8.981558,-83.165868,-82.754677
8.985556,-83.165868,-81.850059
8.989553,-83.220693,-81.274392
8.994548,-83.220693,-81.356630
8.998546,-83.220693,-81.712995
9.002544,-83.138455,-80.863202
9.005542,-83.193280,-82.124186
9.009542,-83.165868,-82.041948
9.012539,-83.165868,-82.343487
9.015537,-83.220693,-83.111042
9.018533,-83.220693,-82.425725
9.022535,-83.220693,-83.522233
9.025535,-83.193280,-82.864328
9.028536,-83.165868,-84.180137
9.031527,-83.165868,-83.193280
9.034524,-83.220693,-84.070486
9.038521,-83.193280,-83.960836
9.041520,-83.220693,-84.180137
9.044525,-83.275519,-85.002518
9.048518,-83.220693,-84.454264
9.051513,-83.138455,-85.304057
9.054516,-83.193280,-83.056217
9.057514,-83.248106,-84.838042
9.060511,-83.220693,-82.973979
9.063506,-83.248106,-85.002518
9.067503,-83.138455,-84.399439
9.070505,-83.220693,-84.536502
9.073502,-83.193280,-84.947692
9.076501,83.503230,-87.168120
9.079499,83.311341,-45.884619
9.082499,83.283928,-34.919547
9.085496,83.311341,-6.739315
9.088496,83.283928,4.445057
9.091494,83.311341,21.495742
9.095486,83.338754,24.182184
9.097489,83.283928,41.150632
9.100486,83.283928,38.957618
9.104484,83.311341,53.733053
9.107483,83.338754,48.908421
9.110481,83.311341,64.067634
9.113479,83.311341,54.418370
9.116482,83.311341,70.399965
9.120474,83.311341,65.356031
9.123474,83.311341,71.003044
9.126477,83.311341,73.196059
9.129474,83.311341,72.154377
9.133474,83.311341,77.664327
9.136474,83.311341,75.663201
9.139480,83.311341,80.131469
9.142478,83.366166,77.636914
9.145459,83.283928,81.282802
9.149472,83.338754,82.077770
9.152472,83.311341,82.160008
9.155453,83.338754,84.133722
9.158452,83.338754,82.132595
9.161446,83.338754,83.859595
9.165444,83.283928,82.050357
9.168445,83.311341,83.887007
9.171444,83.311341,83.146865
9.174441,83.338754,85.202816
9.177440,83.283928,83.366166
9.180439,83.338754,85.147991
9.184433,83.338754,82.817912
9.187431,83.338754,85.147991
9.190431,83.366166,82.571198
9.193429,83.338754,84.544912
9.196428,83.311341,82.927563
9.200423,83.338754,82.954976
9.203424,83.311341,84.572325
9.206422,83.338754,82.790500
9.209420,83.283928,85.476943
9.212418,83.366166,83.338754
9.216416,83.338754,85.668832
9.219413,83.338754,84.572325
9.222412,83.366166,85.449531
9.225410,83.338754,83.667706
9.228407,83.338754,84.435261
9.232406,83.338754,84.325610
9.235410,83.338754,82.187421
9.238411,83.283928,83.064627
9.241410,83.311341,81.693992
9.244411,83.256515,83.530642
9.248397,83.311341,81.118326
9.251410,83.311341,81.282802
9.254393,83.338754,81.995532
9.257391,83.311341,80.213707
9.261389,83.393579,79.775104
9.264390,83.311341,78.377057
9.267386,83.338754,78.431882
9.270385,83.283928,79.446152
9.273381,83.338754,80.926437
9.277379,83.311341,79.747691
9.280378,83.338754,81.940706
9.283378,83.338754,82.434135
9.286374,83.366166,82.297071
9.289375,83.311341,82.653436
9.293366,83.338754,82.954976
9.296369,83.283928,84.764213
9.299370,83.311341,83.174277
9.302371,83.338754,84.380436
9.305365,83.338754,82.324484
9.309363,83.283928,83.585468
9.312358,83.311341,83.393579
9.315356,83.311341,82.461547
9.318351,83.338754,83.558055
